order_id,order_date,origin_port,carrier,TPT,service_level,ship_ahead_day_count,ship_late_day_count,customer,product_id,plant_code,destination_port,unit_quantity,weight
1447307848,5/25/2013,PORT04,V444_0,2,DTP,0,0,V5555555_30,1666295,PLANT03,PORT09,1257,9.64
1447206237,5/25/2013,PORT04,V444_0,2,DTP,0,0,V5555555_30,1666295,PLANT03,PORT09,1284,9.62
1447156466,5/25/2013,PORT04,V444_0,2,DTP,0,0,V5555555_30,1666295,PLANT03,PORT09,1237,9.6
1447165363,5/25/2013,PORT04,V444_0,2,DTP,0,0,V5555555_30,1666295,PLANT03,PORT09,1245,9.56
1447227082,5/25/2013,PORT04,V444_0,2,DTP,0,0,V5555555_30,1666295,PLANT03,PORT09,1010,6
1447346465,5/25/2013,PORT04,V444_0,2,DTP,0,0,V5555555_30,1668346,PLANT03,PORT09,293,2.58
1447302755,5/25/2013,PORT04,V444_0,2,DTP,0,0,V5555555_30,1668346,PLANT03,PORT09,285,2.5
1447302782,5/25/2013,PORT04,V444_0,2,DTP,0,0,V5555555_30,1668346,PLANT03,PORT09,333,4.04
1447323772,5/25/2013,PORT04,V444_0,2,DTP,0,0,V5555555_30,1668346,PLANT03,PORT09,339,4.02
1447165275,5/25/2013,PORT04,V444_0,2,DTP,0,0,V5555555_30,1668346,PLANT03,PORT09,351,3.94
1447302770,5/25/2013,PORT04,V444_0,2,DTP,0,0,V5555555_30,1668346,PLANT03,PORT09,372,5.5
1447156303,5/25/2013,PORT04,V444_0,2,DTP,0,0,V5555555_30,1668347,PLANT03,PORT09,475,26.94
1447206162,5/25/2013,PORT04,V444_0,2,DTP,0,0,V5555555_30,1668346,PLANT03,PORT09,459,15.38
1447185657,5/25/2013,PORT04,V444_0,2,DTP,0,0,V5555555_30,1668346,PLANT03,PORT09,443,14.3
1447302740,5/25/2013,PORT04,V444_0,2,DTP,0,0,V5555555_30,1668346,PLANT03,PORT09,363,9.18
1447156241,5/25/2013,PORT04,V444_0,2,DTP,0,0,V5555555_30,1668346,PLANT03,PORT09,485,21.6
1447409848,5/25/2013,PORT04,V444_0,2,DTP,0,0,V5555555_30,1668346,PLANT03,PORT09,500,23.98
1447278136,5/25/2013,PORT04,V444_0,2,DTP,0,0,V5555555_30,1668343,PLANT03,PORT09,668,40.74
1447310548,5/25/2013,PORT04,V444_0,2,DTP,0,0,V5555555_30,1693618,PLANT03,PORT09,504,2.306679727
1447172300,5/25/2013,PORT04,V444_0,2,DTP,0,0,V5555555_30,1693618,PLANT03,PORT09,692,4.248135164
1447332277,5/25/2013,PORT04,V444_0,2,DTP,0,0,V5555555_30,1693618,PLANT03,PORT09,663,3.460019591
1447156709,5/25/2013,PORT04,V444_0,2,DTP,0,0,V5555555_30,1693618,PLANT03,PORT09,829,5.170807055
1447331116,5/25/2013,PORT04,V444_0,2,DTP,0,0,V5555555_30,1699540,PLANT03,PORT09,1835,2.8717492
1447309052,5/25/2013,PORT04,V444_0,2,DTP,3,0,V55555555_0,1692997,PLANT03,PORT09,495,4.607988764
1447313842,5/25/2013,PORT04,V444_0,2,DTP,3,0,V55555555_0,1692997,PLANT03,PORT09,472,4.607988764
1447227097,5/25/2013,PORT04,V444_0,2,DTP,3,0,V55555555_0,1692997,PLANT03,PORT09,446,4.607988764
1447289372,5/25/2013,PORT04,V444_0,2,DTP,3,0,V55555555_0,1692997,PLANT03,PORT09,423,4.607988764
1447226839,5/25/2013,PORT04,V444_0,2,DTP,3,0,V55555555_0,1692997,PLANT03,PORT09,401,2.303994382
1447357414,5/25/2013,PORT04,V444_0,2,DTP,3,0,V55555555_0,1692997,PLANT03,PORT09,484,4.607988764
1447289357,5/25/2013,PORT04,V444_0,2,DTP,3,0,V55555555_0,1692997,PLANT03,PORT09,613,9.215977528
1447346094,5/25/2013,PORT04,V444_0,2,DTP,3,0,V55555555_0,1692997,PLANT03,PORT09,434,4.607988764
1447234663,5/25/2013,PORT04,V444_0,2,DTP,3,0,V55555555_0,1692997,PLANT03,PORT09,584,6.911983146
1447248524,5/25/2013,PORT04,V444_0,2,DTP,3,0,V55555555_0,1692997,PLANT03,PORT09,444,4.607988764
1447227006,5/25/2013,PORT04,V444_0,2,DTP,3,0,V55555555_0,1692997,PLANT03,PORT09,372,2.303994382
1447149211,5/25/2013,PORT04,V444_0,2,DTP,3,0,V55555555_0,1692997,PLANT03,PORT09,404,4.607988764
1447310294,5/25/2013,PORT04,V444_0,2,DTP,3,0,V55555555_0,1693019,PLANT03,PORT09,471,11.895
1447310314,5/25/2013,PORT04,V444_0,2,DTP,3,0,V55555555_0,1693019,PLANT03,PORT09,421,12.895
1447310315,5/25/2013,PORT04,V444_0,2,DTP,3,0,V55555555_0,1693019,PLANT03,PORT09,412,6.44
1447310313,5/25/2013,PORT04,V444_0,2,DTP,3,0,V55555555_0,1693019,PLANT03,PORT09,412,11.88
1447238132,5/25/2013,PORT04,V444_0,2,DTP,3,0,V55555555_0,1650586,PLANT03,PORT09,1288,12.35058824
1447336247,5/25/2013,PORT04,V444_0,2,DTP,3,0,V55555555_0,1675655,PLANT03,PORT09,819,4.6
1447411085,5/25/2013,PORT04,V444_0,2,DTP,3,0,V55555555_0,1660673,PLANT03,PORT09,298,0.384281861
1447139287,5/25/2013,PORT04,V444_0,2,DTP,3,0,V55555555_0,1660673,PLANT03,PORT09,348,1.097948174
1447313997,5/25/2013,PORT04,V444_0,2,DTP,3,0,V55555555_0,1660673,PLANT03,PORT09,266,0.548974087
1447183503,5/25/2013,PORT04,V444_0,2,DTP,3,0,V55555555_0,1650685,PLANT03,PORT09,739,3.738876259
1447183387,5/25/2013,PORT04,V444_0,2,DTP,3,0,V55555555_0,1650685,PLANT03,PORT09,799,3.888431309
1447183386,5/25/2013,PORT04,V444_0,2,DTP,3,0,V55555555_0,1650685,PLANT03,PORT09,757,3.701487496
1447411616,5/25/2013,PORT04,V444_0,2,DTP,3,0,V55555555_0,1651302,PLANT03,PORT09,1264,4.12
1447411582,5/25/2013,PORT04,V444_0,2,DTP,3,0,V55555555_0,1651302,PLANT03,PORT09,1363,4.52
1447227198,5/25/2013,PORT04,V444_0,2,DTP,3,0,V55555555_0,1651299,PLANT03,PORT09,792,1.521146096
1447168927,5/25/2013,PORT04,V444_0,2,DTP,3,0,V55555555_0,1651299,PLANT03,PORT09,4327,11.62
1447336249,5/25/2013,PORT04,V444_0,2,DTP,3,0,V55555555_0,1656246,PLANT03,PORT09,1276,4.096305732
1447199011,5/25/2013,PORT04,V444_0,2,DTP,3,0,V55555555_0,1689012,PLANT03,PORT09,367,0.299680003
1447152752,5/25/2013,PORT04,V444_0,2,DTP,3,0,V55555555_0,1669702,PLANT03,PORT09,277,0.484069434
1447373752,5/25/2013,PORT04,V444_0,2,DTP,3,0,V55555555_0,1656347,PLANT03,PORT09,258,3.1
1447162962,5/25/2013,PORT04,V444_0,2,DTP,3,0,V55555555_0,1644050,PLANT03,PORT09,253,0.71732495
1447149296,5/25/2013,PORT04,V444_0,2,DTP,3,0,V55555555_0,1668128,PLANT03,PORT09,368,11.58265596
1447149302,5/25/2013,PORT04,V444_0,2,DTP,3,0,V55555555_0,1668128,PLANT03,PORT09,289,4.633062383
1447224457,5/25/2013,PORT04,V444_0,2,DTP,3,0,V55555555_0,1687346,PLANT03,PORT09,317,1.127054369
1447227368,5/25/2013,PORT04,V444_0,2,DTP,3,0,V55555555_0,1687346,PLANT03,PORT09,419,1.878423949
1447195896,5/25/2013,PORT04,V444_0,2,DTP,3,0,V55555555_0,1687346,PLANT03,PORT09,852,9.26
1447265563,5/25/2013,PORT04,V444_0,2,DTP,3,0,V55555555_0,1677891,PLANT03,PORT09,721,1.322850761
1447334759,5/25/2013,PORT04,V444_0,2,DTP,3,0,V55555555_0,1677891,PLANT03,PORT09,276,0.066142538
1447352529,5/25/2013,PORT04,V444_0,2,DTP,3,0,V55555555_0,1690092,PLANT03,PORT09,406,1.463333333
1447411087,5/25/2013,PORT04,V444_0,2,DTP,3,0,V55555555_0,1688824,PLANT03,PORT09,440,3.249032258
1447411088,5/25/2013,PORT04,V444_0,2,DTP,3,0,V55555555_0,1688824,PLANT03,PORT09,498,3.249032258
1447149447,5/25/2013,PORT04,V444_0,2,DTP,3,0,V55555555_0,1688824,PLANT03,PORT09,499,3.24
1447149357,5/25/2013,PORT04,V444_0,2,DTP,3,0,V55555555_0,1688824,PLANT03,PORT09,587,3.8
1447149446,5/25/2013,PORT04,V444_0,2,DTP,3,0,V55555555_0,1688824,PLANT03,PORT09,717,4.6
1447323935,5/25/2013,PORT04,V444_0,2,DTP,3,0,V55555555_0,1660885,PLANT03,PORT09,798,4.412651871
1447400441,5/25/2013,PORT04,V444_0,2,DTP,3,0,V55555555_0,1696954,PLANT03,PORT09,357,0.391275622
1447369900,5/25/2013,PORT04,V444_0,2,DTP,3,0,V55555555_0,1696954,PLANT03,PORT09,473,2.165058442
1447369905,5/25/2013,PORT04,V444_0,2,DTP,3,0,V55555555_0,1696954,PLANT03,PORT09,290,0.71733864
1447400429,5/25/2013,PORT04,V444_0,2,DTP,3,0,V55555555_0,1696954,PLANT03,PORT09,621,2.3
1447267004,5/25/2013,PORT04,V444_0,2,DTP,3,0,V55555555_0,1671416,PLANT03,PORT09,619,0.622451987
1447167596,5/25/2013,PORT04,V444_0,2,DTP,3,0,V55555555_0,1671416,PLANT03,PORT09,524,0.364275879
1447353782,5/25/2013,PORT04,V444_0,2,DTP,3,0,V55555555_0,1668545,PLANT03,PORT09,363,0.845264268
1447255618,5/25/2013,PORT04,V444_0,2,DTP,3,0,V55555555_0,1668545,PLANT03,PORT09,310,0.211316067
1447238355,5/25/2013,PORT04,V444_0,2,DTP,3,0,V55555555_0,1693104,PLANT03,PORT09,365,2.530673261
1447365184,5/25/2013,PORT04,V444_0,2,DTP,3,0,V55555555_0,1693101,PLANT03,PORT09,359,2.274479398
1447230418,5/25/2013,PORT04,V444_0,2,DTP,3,0,V55555555_0,1683203,PLANT03,PORT09,244,0.214682851
1447226355,5/25/2013,PORT04,V444_0,2,DTP,3,0,V55555555_0,1662238,PLANT03,PORT09,261,0.208761905
1447201748,5/25/2013,PORT04,V444_0,2,DTP,3,0,V55555555_0,1662274,PLANT03,PORT09,321,0.083063063
1447157753,5/25/2013,PORT04,V444_0,2,DTP,3,0,V55555555_0,1663347,PLANT03,PORT09,351,4.921039637
1447400430,5/25/2013,PORT04,V444_0,2,DTP,3,0,V55555555_0,1654622,PLANT03,PORT09,368,1.405422521
1447314024,5/25/2013,PORT04,V444_0,2,DTP,3,0,V55555555_0,1654622,PLANT03,PORT09,532,2.31894716
1447296259,5/25/2013,PORT04,V444_0,2,DTP,3,0,V55555555_0,1693865,PLANT03,PORT09,349,0.363890118
1447346613,5/25/2013,PORT04,V444_0,2,DTP,3,0,V55555555_0,1693865,PLANT03,PORT09,336,0.363890118
1447410380,5/25/2013,PORT04,V444_0,2,DTP,3,0,V55555555_0,1677884,PLANT03,PORT09,454,1.768498871
1447313996,5/25/2013,PORT04,V444_0,2,DTP,3,0,V55555555_0,1677889,PLANT03,PORT09,415,0.93684917
1447308430,5/25/2013,PORT04,V444_0,2,DTP,3,0,V55555555_0,1677889,PLANT03,PORT09,836,3.446679661
1447146834,5/25/2013,PORT04,V444_0,2,DTP,3,0,V55555555_0,1677889,PLANT03,PORT09,507,1.382141676
1447146833,5/25/2013,PORT04,V444_0,2,DTP,3,0,V55555555_0,1677889,PLANT03,PORT09,423,1.046726541
1447308431,5/25/2013,PORT04,V444_0,2,DTP,3,0,V55555555_0,1677889,PLANT03,PORT09,487,1.439971872
1447289409,5/25/2013,PORT04,V444_0,2,DTP,3,0,V55555555_0,1677889,PLANT03,PORT09,768,2.561877668
1447200215,5/25/2013,PORT04,V444_0,2,DTP,3,0,V55555555_0,1677889,PLANT03,PORT09,884,3.20379284
1447174498,5/25/2013,PORT04,V444_0,2,DTP,3,0,V55555555_0,1677889,PLANT03,PORT09,564,1.648160576
1447369911,5/25/2013,PORT04,V444_0,2,DTP,3,0,V55555555_0,1677889,PLANT03,PORT09,978,3.54
1447146832,5/25/2013,PORT04,V444_0,2,DTP,3,0,V55555555_0,1677878,PLANT03,PORT09,723,1.784702071
1447369899,5/25/2013,PORT04,V444_0,2,DTP,3,0,V55555555_0,1677878,PLANT03,PORT09,578,0.981586139
1447146831,5/25/2013,PORT04,V444_0,2,DTP,3,0,V55555555_0,1677878,PLANT03,PORT09,603,1.338526553
1447320769,5/25/2013,PORT04,V444_0,2,DTP,3,0,V55555555_0,1677878,PLANT03,PORT09,674,1.375707846
1447149386,5/25/2013,PORT04,V444_0,2,DTP,3,0,V55555555_0,1677878,PLANT03,PORT09,395,0.356940414
1447369897,5/25/2013,PORT04,V444_0,2,DTP,3,0,V55555555_0,1677878,PLANT03,PORT09,2245,6
1447149445,5/25/2013,PORT04,V444_0,2,DTP,3,0,V55555555_0,1692974,PLANT03,PORT09,315,0.080233903
1447367085,5/25/2013,PORT04,V444_0,2,DTP,3,0,V55555555_0,1692974,PLANT03,PORT09,355,3.369823907
1447224281,5/25/2013,PORT04,V444_0,2,DTP,3,0,V55555555_0,1666954,PLANT03,PORT09,1317,12.02
1447302767,5/25/2013,PORT04,V444_0,2,DTP,3,0,V55555555_0,1666954,PLANT03,PORT09,1288,9.92
1447343709,5/25/2013,PORT04,V444_0,2,DTP,3,0,V55555555_0,1689601,PLANT03,PORT09,376,3.368571429
1447352530,5/25/2013,PORT04,V444_0,2,DTP,3,0,V55555555_0,1689553,PLANT03,PORT09,321,2.46
1447149444,5/25/2013,PORT04,V444_0,2,DTP,3,0,V55555555_0,1689556,PLANT03,PORT09,358,1.735
1447206044,5/25/2013,PORT04,V444_0,2,DTP,3,0,V55555555_0,1689554,PLANT03,PORT09,774,8.73977433
1447312974,5/25/2013,PORT04,V444_0,2,DTP,3,0,V55555555_0,1689554,PLANT03,PORT09,307,0.161847673
1447206040,5/25/2013,PORT04,V444_0,2,DTP,3,0,V55555555_0,1689554,PLANT03,PORT09,519,4.208039492
1447206045,5/25/2013,PORT04,V444_0,2,DTP,3,0,V55555555_0,1689554,PLANT03,PORT09,869,8.73977433
1447206105,5/25/2013,PORT04,V444_0,2,DTP,3,0,V55555555_0,1689554,PLANT03,PORT09,372,1.942172073
1447234963,5/25/2013,PORT04,V444_0,2,DTP,3,0,V55555555_0,1689556,PLANT03,PORT09,1003,10
1447312975,5/25/2013,PORT04,V444_0,2,DTP,3,0,V55555555_0,1689554,PLANT03,PORT09,976,11.26
1447206106,5/25/2013,PORT04,V444_0,2,DTP,3,0,V55555555_0,1689554,PLANT03,PORT09,816,7.3
1447275626,5/25/2013,PORT04,V444_0,2,DTP,3,0,V55555555_0,1689554,PLANT03,PORT09,1277,14.68
1447275625,5/25/2013,PORT04,V444_0,2,DTP,3,0,V55555555_0,1689554,PLANT03,PORT09,1289,13.66
1447275627,5/25/2013,PORT04,V444_0,2,DTP,3,0,V55555555_0,1689554,PLANT03,PORT09,1284,14.64
1447149343,5/25/2013,PORT04,V444_0,2,DTP,3,0,V55555555_0,1689553,PLANT03,PORT09,1311,15.28
1447389308,5/25/2013,PORT04,V444_0,2,DTP,3,0,V55555555_0,1693117,PLANT03,PORT09,320,1.006451613
1447406489,5/25/2013,PORT04,V444_0,2,DTP,3,0,V5555555_22,1676566,PLANT03,PORT09,490,2.51889031
1447175748,5/25/2013,PORT04,V444_0,2,DTP,3,0,V5555555_22,1676566,PLANT03,PORT09,535,2.51889031
1447313957,5/25/2013,PORT04,V444_0,2,DTP,3,0,V5555555_22,1676566,PLANT03,PORT09,1756,16.11334186
1447193154,5/25/2013,PORT04,V444_0,2,DTP,3,0,V5555555_22,1676566,PLANT03,PORT09,474,2.51889031
1447400350,5/25/2013,PORT04,V444_0,2,DTP,3,0,V5555555_22,1676566,PLANT03,PORT09,520,2.256505903
1447406566,5/25/2013,PORT04,V444_0,2,DTP,3,0,V5555555_22,1676566,PLANT03,PORT09,490,2.51889031
1447175716,5/25/2013,PORT04,V444_0,2,DTP,3,0,V5555555_22,1676566,PLANT03,PORT09,497,2.51889031
1447400349,5/25/2013,PORT04,V444_0,2,DTP,3,0,V5555555_22,1676566,PLANT03,PORT09,311,0.262384407
1447234958,5/25/2013,PORT04,V444_0,2,DTP,3,0,V5555555_22,1676566,PLANT03,PORT09,746,5.037780621
1447286522,5/25/2013,PORT04,V444_0,2,DTP,3,0,V5555555_22,1676566,PLANT03,PORT09,786,5.037780621
1447269482,5/25/2013,PORT04,V444_0,2,DTP,3,0,V5555555_22,1676566,PLANT03,PORT09,520,2.51889031
1447234898,5/25/2013,PORT04,V444_0,2,DTP,3,0,V5555555_22,1676566,PLANT03,PORT09,532,2.51889031
1447175788,5/25/2013,PORT04,V444_0,2,DTP,3,0,V5555555_22,1676566,PLANT03,PORT09,526,2.51889031
1447295478,5/25/2013,PORT04,V444_0,2,DTP,3,0,V5555555_22,1683636,PLANT03,PORT09,351,1.493638316
1447269518,5/25/2013,PORT04,V444_0,2,DTP,3,0,V5555555_22,1683636,PLANT03,PORT09,339,1.908537848
1447238196,5/25/2013,PORT04,V444_0,2,DTP,3,0,V5555555_22,1683636,PLANT03,PORT09,326,1.300018534
1447234967,5/25/2013,PORT04,V444_0,2,DTP,3,0,V5555555_22,1683636,PLANT03,PORT09,322,1.742578035
1447371368,5/25/2013,PORT04,V444_0,2,DTP,3,0,V5555555_22,1683636,PLANT03,PORT09,329,2.157477567
1447327941,5/25/2013,PORT04,V444_0,2,DTP,3,0,V5555555_22,1683636,PLANT03,PORT09,328,2.544717131
1447238138,5/25/2013,PORT04,V444_0,2,DTP,3,0,V5555555_22,1683636,PLANT03,PORT09,279,0.055319938
1447367889,5/25/2013,PORT04,V444_0,2,DTP,3,0,V5555555_22,1697872,PLANT03,PORT09,360,0.967590673
1447299594,5/25/2013,PORT04,V444_0,2,DTP,3,0,V5555555_22,1697872,PLANT03,PORT09,349,0.399657017
1447165436,5/25/2013,PORT04,V444_0,2,DTP,3,0,V5555555_22,1697872,PLANT03,PORT09,248,0.02103458
1447389095,5/25/2013,PORT04,V444_0,2,DTP,3,0,V5555555_22,1697872,PLANT03,PORT09,504,4.017604749
1447162422,5/25/2013,PORT04,V444_0,2,DTP,3,0,V5555555_22,1697872,PLANT03,PORT09,349,1.24104021
1447390287,5/25/2013,PORT04,V444_0,2,DTP,3,0,V5555555_22,1697872,PLANT03,PORT09,379,2.881737438
1447346479,5/25/2013,PORT04,V444_0,2,DTP,3,0,V5555555_22,1697872,PLANT03,PORT09,643,6.794169288
1447357422,5/25/2013,PORT04,V444_0,2,DTP,3,0,V5555555_22,1697872,PLANT03,PORT09,312,1.135867311
1447300026,5/25/2013,PORT04,V444_0,2,DTP,3,0,V5555555_22,1697872,PLANT03,PORT09,357,1.135867311
1447224386,5/25/2013,PORT04,V444_0,2,DTP,3,0,V5555555_22,1697872,PLANT03,PORT09,448,4.206915968
1447346478,5/25/2013,PORT04,V444_0,2,DTP,3,0,V5555555_22,1697872,PLANT03,PORT09,404,2.103457984
1447265606,5/25/2013,PORT04,V444_0,2,DTP,3,0,V5555555_22,1697872,PLANT03,PORT09,360,2.103457984
1447367888,5/25/2013,PORT04,V444_0,2,DTP,3,0,V5555555_22,1697872,PLANT03,PORT09,254,0.231380378
1447265607,5/25/2013,PORT04,V444_0,2,DTP,3,0,V5555555_22,1697872,PLANT03,PORT09,329,1.114832731
1447230968,5/25/2013,PORT04,V444_0,2,DTP,3,0,V5555555_22,1697872,PLANT03,PORT09,729,11.09659832
1447189420,5/25/2013,PORT04,V444_0,2,DTP,3,0,V5555555_22,1697872,PLANT03,PORT09,320,1.220005631
1447386035,5/25/2013,PORT04,V444_0,2,DTP,3,0,V5555555_22,1697874,PLANT03,PORT09,948,11.90046712
1447360368,5/25/2013,PORT04,V444_0,2,DTP,3,0,V5555555_22,1697874,PLANT03,PORT09,530,4.425871157
1447395058,5/25/2013,PORT04,V444_0,2,DTP,3,0,V5555555_22,1683197,PLANT03,PORT09,303,0.521590446
1447389093,5/25/2013,PORT04,V444_0,2,DTP,3,0,V5555555_22,1683197,PLANT03,PORT09,379,2.868747456
1447142678,5/25/2013,PORT04,V444_0,2,DTP,3,0,V5555555_22,1683197,PLANT03,PORT09,370,3.181701723
1447389127,5/25/2013,PORT04,V444_0,2,DTP,3,0,V5555555_22,1683197,PLANT03,PORT09,321,1.277896594
1447395057,5/25/2013,PORT04,V444_0,2,DTP,3,0,V5555555_22,1683197,PLANT03,PORT09,391,2.790508889
1447323697,5/25/2013,PORT04,V444_0,2,DTP,3,0,V5555555_22,1683197,PLANT03,PORT09,431,3.755451215
1447389106,5/25/2013,PORT04,V444_0,2,DTP,3,0,V5555555_22,1683197,PLANT03,PORT09,408,2.060282264
1447396912,5/25/2013,PORT04,V444_0,2,DTP,3,0,V5555555_22,1683197,PLANT03,PORT09,310,1.877725607
1447224452,5/25/2013,PORT04,V444_0,2,DTP,3,0,V5555555_22,1683200,PLANT03,PORT09,290,0.744595459
1447389228,5/25/2013,PORT04,V444_0,2,DTP,3,0,V5555555_22,1683200,PLANT03,PORT09,407,3.877031526
1447273181,5/25/2013,PORT04,V444_0,2,DTP,3,0,V5555555_22,1683200,PLANT03,PORT09,390,3.491895944
1447400481,5/25/2013,PORT04,V444_0,2,DTP,3,0,V5555555_22,1683200,PLANT03,PORT09,381,2.567570547
1447367887,5/25/2013,PORT04,V444_0,2,DTP,3,0,V5555555_22,1683200,PLANT03,PORT09,473,4.210815697
1447149301,5/25/2013,PORT04,V444_0,2,DTP,3,0,V5555555_22,1683200,PLANT03,PORT09,595,8.395955688
1447389086,5/25/2013,PORT04,V444_0,2,DTP,3,0,V5555555_22,1683200,PLANT03,PORT09,241,0.154054233
1447389085,5/25/2013,PORT04,V444_0,2,DTP,3,0,V5555555_22,1683200,PLANT03,PORT09,403,1.797299383
1447389092,5/25/2013,PORT04,V444_0,2,DTP,3,0,V5555555_22,1683200,PLANT03,PORT09,775,12.22298832
1447283726,5/25/2013,PORT04,V444_0,2,DTP,3,0,V5555555_22,1683200,PLANT03,PORT09,432,3.645950176
1447389091,5/25/2013,PORT04,V444_0,2,DTP,3,0,V5555555_22,1683200,PLANT03,PORT09,321,1.797299383
1447421013,5/25/2013,PORT04,V444_0,2,DTP,3,0,V5555555_22,1683200,PLANT03,PORT09,313,1.848650794
1447357416,5/25/2013,PORT04,V444_0,2,DTP,3,0,V5555555_22,1683200,PLANT03,PORT09,320,1.797299383
1447375138,5/25/2013,PORT04,V444_0,2,DTP,3,0,V5555555_22,1683200,PLANT03,PORT09,398,1.797299383
1447390306,5/25/2013,PORT04,V444_0,2,DTP,3,0,V5555555_22,1683200,PLANT03,PORT09,1041,18.24
1447413936,5/25/2013,PORT04,V444_0,2,DTP,3,0,V5555555_22,1683200,PLANT03,PORT09,475,4.64
1447395059,5/25/2013,PORT04,V444_0,2,DTP,3,0,V5555555_22,1683197,PLANT03,PORT09,437,4.66
1447313859,5/25/2013,PORT04,V444_0,2,DTP,3,0,V5555555_22,1683197,PLANT03,PORT09,542,6.58
1447227099,5/25/2013,PORT04,V444_0,2,DTP,3,0,V5555555_22,1683200,PLANT03,PORT09,480,4.72
1447400484,5/25/2013,PORT04,V444_0,2,DTP,3,0,V5555555_22,1683197,PLANT03,PORT09,659,7.44
1447313870,5/25/2013,PORT04,V444_0,2,DTP,3,0,V5555555_22,1683197,PLANT03,PORT09,453,4.88
1447227098,5/25/2013,PORT04,V444_0,2,DTP,3,0,V5555555_22,1683200,PLANT03,PORT09,579,7.46
1447149282,5/25/2013,PORT04,V444_0,2,DTP,3,0,V5555555_22,1683197,PLANT03,PORT09,463,4.78
1447224451,5/25/2013,PORT04,V444_0,2,DTP,3,0,V5555555_22,1683200,PLANT03,PORT09,519,5.24
1447396913,5/25/2013,PORT04,V444_0,2,DTP,3,0,V5555555_22,1683197,PLANT03,PORT09,642,7.68
1447375139,5/25/2013,PORT04,V444_0,2,DTP,3,0,V5555555_22,1683200,PLANT03,PORT09,513,5.46
1447357417,5/25/2013,PORT04,V444_0,2,DTP,3,0,V5555555_22,1683200,PLANT03,PORT09,691,7.9
1447228698,5/25/2013,PORT04,V444_0,2,DTP,3,0,V5555555_22,1683200,PLANT03,PORT09,638,8.26
1447390305,5/25/2013,PORT04,V444_0,2,DTP,3,0,V5555555_22,1683200,PLANT03,PORT09,593,5.52
1447389088,5/25/2013,PORT04,V444_0,2,DTP,3,0,V5555555_22,1683200,PLANT03,PORT09,632,8
1447395108,5/25/2013,PORT04,V444_0,2,DTP,3,0,V5555555_22,1683200,PLANT03,PORT09,565,5.5
1447336060,5/25/2013,PORT04,V444_0,2,DTP,3,0,V5555555_22,1683200,PLANT03,PORT09,892,13.5
1447146641,5/25/2013,PORT04,V444_0,2,DTP,3,0,V5555555_22,1683197,PLANT03,PORT09,602,5.82
1447172252,5/25/2013,PORT04,V444_0,2,DTP,3,0,V5555555_22,1683197,PLANT03,PORT09,532,5.86
1447400483,5/25/2013,PORT04,V444_0,2,DTP,3,0,V5555555_22,1683200,PLANT03,PORT09,1053,16.74
1447275639,5/25/2013,PORT04,V444_0,2,DTP,3,0,V5555555_22,1683200,PLANT03,PORT09,1172,18.06
1447146725,5/25/2013,PORT04,V444_0,2,DTP,3,0,V5555555_22,1683200,PLANT03,PORT09,2912,51.06
1447196647,5/25/2013,PORT04,V444_0,2,DTP,3,0,V5555555_22,1683200,PLANT03,PORT09,1048,16.44
1447258757,5/25/2013,PORT04,V444_0,2,DTP,3,0,V5555555_22,1683200,PLANT03,PORT09,844,11.32
1447421014,5/25/2013,PORT04,V444_0,2,DTP,3,0,V5555555_22,1683200,PLANT03,PORT09,1183,15.7
1447231067,5/25/2013,PORT04,V444_0,2,DTP,3,0,V5555555_22,1683200,PLANT03,PORT09,1618,25.92
1447221631,5/25/2013,PORT04,V444_0,2,DTP,3,0,V5555555_22,1683200,PLANT03,PORT09,1678,24.14
1447401806,5/25/2013,PORT04,V444_0,2,DTP,3,0,V5555555_22,1683199,PLANT03,PORT09,2473,40.17581355
1447367914,5/25/2013,PORT04,V444_0,2,DTP,3,0,V5555555_22,1683199,PLANT03,PORT09,1781,28.12155587
1447238186,5/25/2013,PORT04,V444_0,2,DTP,3,0,V5555555_22,1683199,PLANT03,PORT09,1645,23.39047611
1447258759,5/25/2013,PORT04,V444_0,2,DTP,3,0,V5555555_22,1683199,PLANT03,PORT09,2002,34.5605841
1447266859,5/25/2013,PORT04,V444_0,2,DTP,3,0,V5555555_22,1683199,PLANT03,PORT09,1931,33.81941354
1447172255,5/25/2013,PORT04,V444_0,2,DTP,3,0,V5555555_22,1683199,PLANT03,PORT09,752,8.571916576
1447336098,5/25/2013,PORT04,V444_0,2,DTP,3,0,V5555555_22,1683199,PLANT03,PORT09,2093,32.30680005
1447310442,5/25/2013,PORT04,V444_0,2,DTP,3,0,V5555555_22,1683199,PLANT03,PORT09,1191,17.60808837
1447234871,5/25/2013,PORT04,V444_0,2,DTP,3,0,V5555555_22,1683199,PLANT03,PORT09,1124,16.24959266
1447313944,5/25/2013,PORT04,V444_0,2,DTP,3,0,V5555555_22,1683199,PLANT03,PORT09,1943,33.74287857
1447401807,5/25/2013,PORT04,V444_0,2,DTP,3,0,V5555555_22,1683199,PLANT03,PORT09,677,8.246642956
1447357419,5/25/2013,PORT04,V444_0,2,DTP,3,0,V5555555_22,1683199,PLANT03,PORT09,2055,34.57971784
1447313943,5/25/2013,PORT04,V444_0,2,DTP,3,0,V5555555_22,1683199,PLANT03,PORT09,381,2.104711659
1447145160,5/25/2013,PORT04,V444_0,2,DTP,3,0,V5555555_22,1683199,PLANT03,PORT09,1159,17.66548959
1447213221,5/25/2013,PORT04,V444_0,2,DTP,3,0,V5555555_22,1683199,PLANT03,PORT09,1591,27.84968593
1447156493,5/25/2013,PORT04,V444_0,2,DTP,3,0,V5555555_22,1683199,PLANT03,PORT09,3278,56.61169824
1447275606,5/25/2013,PORT04,V444_0,2,DTP,3,0,V5555555_22,1683199,PLANT03,PORT09,2039,33.5605841
1447357418,5/25/2013,PORT04,V444_0,2,DTP,3,0,V5555555_22,1683199,PLANT03,PORT09,390,2.104711659
1447400485,5/25/2013,PORT04,V444_0,2,DTP,3,0,V5555555_22,1683199,PLANT03,PORT09,588,6.696809825
1447193130,5/25/2013,PORT04,V444_0,2,DTP,3,0,V5555555_22,1683199,PLANT03,PORT09,1218,18.14383315
1447336097,5/25/2013,PORT04,V444_0,2,DTP,3,0,V5555555_22,1683199,PLANT03,PORT09,442,2.104711659
1447227191,5/25/2013,PORT04,V444_0,2,DTP,0,0,V5555_33,1688610,PLANT03,PORT09,317,0.619399262
1447227503,5/25/2013,PORT04,V444_0,2,DTP,0,0,V5555_33,1688610,PLANT03,PORT09,243,0.371639557
1447229519,5/25/2013,PORT04,V444_0,2,DTP,0,0,V5555_33,1689543,PLANT03,PORT09,281,0.490114713
1447187887,5/25/2013,PORT04,V444_0,2,DTP,0,0,V5555_33,1689543,PLANT03,PORT09,245,0.245057357
1447258886,5/25/2013,PORT04,V444_0,2,DTP,0,0,V5555_33,1689543,PLANT03,PORT09,251,0.980229426
1447202850,5/25/2013,PORT04,V444_0,2,DTP,0,0,V5555_33,1689543,PLANT03,PORT09,318,0.490114713
1447396994,5/25/2013,PORT04,V444_0,2,DTP,0,0,V5555_33,1689543,PLANT03,PORT09,259,0.490114713
1447308362,5/25/2013,PORT04,V444_0,2,DTP,0,0,V5555_33,1689543,PLANT03,PORT09,315,1.470344139
1447319056,5/25/2013,PORT04,V444_0,2,DTP,0,0,V5555_33,1689543,PLANT03,PORT09,284,0.245057357
1447394307,5/25/2013,PORT04,V444_0,2,DTP,0,0,V5555_33,1689543,PLANT03,PORT09,264,2.205516209
1447372977,5/25/2013,PORT04,V444_0,2,DTP,0,0,V5555_33,1689543,PLANT03,PORT09,327,0.245057357
1447182261,5/25/2013,PORT04,V444_0,2,DTP,0,0,V5555_33,1689543,PLANT03,PORT09,245,0.980229426
1447147917,5/25/2013,PORT04,V444_0,2,DTP,0,0,V5555_33,1689543,PLANT03,PORT09,281,0.73517207
1447391115,5/25/2013,PORT04,V444_0,2,DTP,0,0,V5555_33,1689543,PLANT03,PORT09,331,0.245057357
1447197256,5/25/2013,PORT04,V444_0,2,DTP,0,0,V5555_33,1689543,PLANT03,PORT09,280,0.73517207
1447194637,5/25/2013,PORT04,V444_0,2,DTP,0,0,V5555_33,1689543,PLANT03,PORT09,274,2.450573566
1447221841,5/25/2013,PORT04,V444_0,2,DTP,0,0,V5555_33,1689543,PLANT03,PORT09,315,0.245057357
1447243916,5/25/2013,PORT04,V444_0,2,DTP,0,0,V5555_33,1689543,PLANT03,PORT09,267,0.980229426
1447304370,5/25/2013,PORT04,V444_0,2,DTP,0,0,V5555_33,1689543,PLANT03,PORT09,273,0.490114713
1447364449,5/25/2013,PORT04,V444_0,2,DTP,0,0,V5555_33,1689543,PLANT03,PORT09,270,1.960458853
1447288322,5/25/2013,PORT04,V444_0,2,DTP,0,0,V5555_33,1689543,PLANT03,PORT09,322,0.490114713
1447232392,5/25/2013,PORT04,V444_0,2,DTP,0,0,V5555_33,1689543,PLANT03,PORT09,299,1.715401496
1447279015,5/25/2013,PORT04,V444_0,2,DTP,0,0,V5555_33,1689543,PLANT03,PORT09,277,0.245057357
1447302865,5/25/2013,PORT04,V444_0,2,DTP,0,0,V5555_33,1688294,PLANT03,PORT09,282,0.114446591
1447299180,5/25/2013,PORT04,V444_0,2,DTP,0,0,V5555_33,1688294,PLANT03,PORT09,319,0.228893182
1447351798,5/25/2013,PORT04,V444_0,2,DTP,0,0,V5555_33,1688294,PLANT03,PORT09,301,0.114446591
1447300854,5/25/2013,PORT04,V444_0,2,DTP,0,0,V5555_33,1688294,PLANT03,PORT09,298,2.632271597
1447304368,5/25/2013,PORT04,V444_0,2,DTP,0,0,V5555_33,1688294,PLANT03,PORT09,324,0.457786365
1447366020,5/25/2013,PORT04,V444_0,2,DTP,0,0,V5555_33,1688294,PLANT03,PORT09,268,0.915572729
1447321878,5/25/2013,PORT04,V444_0,2,DTP,0,0,V5555_33,1690617,PLANT03,PORT09,307,0.684669589
1447384426,5/25/2013,PORT04,V444_0,2,DTP,0,0,V5555_33,1688292,PLANT03,PORT09,258,0.438407472
1447404681,5/25/2013,PORT04,V444_0,2,DTP,0,0,V5555_33,1688292,PLANT03,PORT09,338,0.657611208
1447300852,5/25/2013,PORT04,V444_0,2,DTP,0,0,V5555_33,1688292,PLANT03,PORT09,293,0.657611208
1447347897,5/25/2013,PORT04,V444_0,2,DTP,0,0,V5555_33,1688292,PLANT03,PORT09,335,3.068852302
1447145767,5/25/2013,PORT04,V444_0,2,DTP,0,0,V5555_33,1688292,PLANT03,PORT09,316,0.109601868
1447351801,5/25/2013,PORT04,V444_0,2,DTP,0,0,V5555_33,1688292,PLANT03,PORT09,278,1.972833623
1447322796,5/25/2013,PORT04,V444_0,2,DTP,0,0,V5555_33,1688292,PLANT03,PORT09,335,0.657611208
1447391113,5/25/2013,PORT04,V444_0,2,DTP,0,0,V5555_33,1688292,PLANT03,PORT09,315,0.219203736
1447418045,5/25/2013,PORT04,V444_0,2,DTP,0,0,V5555_33,1688292,PLANT03,PORT09,256,1.096018679
1447280064,5/25/2013,PORT04,V444_0,2,DTP,0,0,V5555_33,1688292,PLANT03,PORT09,243,0.438407472
1447322715,5/25/2013,PORT04,V444_0,2,DTP,0,0,V5555_33,1688292,PLANT03,PORT09,296,4.384074717
1447299063,5/25/2013,PORT04,V444_0,2,DTP,0,0,V5555_33,1689544,PLANT03,PORT09,318,0.107262158
1447203024,5/25/2013,PORT04,V444_0,2,DTP,0,0,V5555_33,1689544,PLANT03,PORT09,297,0.429048631
1447202687,5/25/2013,PORT04,V444_0,2,DTP,0,0,V5555_33,1689544,PLANT03,PORT09,319,2.467029628
1447236402,5/25/2013,PORT04,V444_0,2,DTP,0,0,V5555_33,1689544,PLANT03,PORT09,300,0.643572946
1447207538,5/25/2013,PORT04,V444_0,2,DTP,0,0,V5555_33,1689544,PLANT03,PORT09,254,0.858097262
1447299181,5/25/2013,PORT04,V444_0,2,DTP,0,0,V5555_33,1689544,PLANT03,PORT09,272,0.429048631
1447304366,5/25/2013,PORT04,V444_0,2,DTP,0,0,V5555_33,1689544,PLANT03,PORT09,240,0.643572946
1447155221,5/25/2013,PORT04,V444_0,2,DTP,0,0,V5555_33,1689544,PLANT03,PORT09,331,0.107262158
1447409174,5/25/2013,PORT04,V444_0,2,DTP,0,0,V5555_33,1689544,PLANT03,PORT09,274,0.321786473
1447351880,5/25/2013,PORT04,V444_0,2,DTP,0,0,V5555_33,1689544,PLANT03,PORT09,262,1.716194524
1447342390,5/25/2013,PORT04,V444_0,2,DTP,0,0,V5555_33,1689544,PLANT03,PORT09,333,0.214524315
1447312019,5/25/2013,PORT04,V444_0,2,DTP,0,0,V5555_33,1689544,PLANT03,PORT09,313,0.429048631
1447258884,5/25/2013,PORT04,V444_0,2,DTP,0,0,V5555_33,1689544,PLANT03,PORT09,313,0.643572946
1447340937,5/25/2013,PORT04,V444_0,2,DTP,0,0,V5555_33,1689544,PLANT03,PORT09,283,0.429048631
1447326108,5/25/2013,PORT04,V444_0,2,DTP,0,0,V5555_33,1689544,PLANT03,PORT09,293,0.214524315
1447300855,5/25/2013,PORT04,V444_0,2,DTP,0,0,V5555_33,1689544,PLANT03,PORT09,310,0.429048631
1447211458,5/25/2013,PORT04,V444_0,2,DTP,0,0,V5555_33,1689544,PLANT03,PORT09,321,0.858097262
1447222991,5/25/2013,PORT04,V444_0,2,DTP,0,0,V5555_33,1689544,PLANT03,PORT09,316,0.643572946
1447409162,5/25/2013,PORT04,V444_0,2,DTP,0,0,V5555_33,1689544,PLANT03,PORT09,361,9.331807723
1447320211,5/25/2013,PORT04,V444_0,2,DTP,0,0,V5555_33,1689544,PLANT03,PORT09,269,0.858097262
1447225276,5/25/2013,PORT04,V444_0,2,DTP,0,0,V5555_33,1689544,PLANT03,PORT09,264,1.716194524
1447258858,5/25/2013,PORT04,V444_0,2,DTP,0,0,V5555_33,1689544,PLANT03,PORT09,300,0.214524315
1447319052,5/25/2013,PORT04,V444_0,2,DTP,0,0,V5555_33,1689544,PLANT03,PORT09,303,0.429048631
1447308357,5/25/2013,PORT04,V444_0,2,DTP,0,0,V5555_33,1689544,PLANT03,PORT09,257,0.429048631
1447334707,5/25/2013,PORT04,V444_0,2,DTP,0,0,V5555_33,1689544,PLANT03,PORT09,331,1.716194524
1447244614,5/25/2013,PORT04,V444_0,2,DTP,0,0,V5555_33,1689544,PLANT03,PORT09,251,0.429048631
1447292034,5/25/2013,PORT04,V444_0,2,DTP,0,0,V5555_33,1689544,PLANT03,PORT09,278,0.107262158
1447236403,5/25/2013,PORT04,V444_0,2,DTP,0,0,V5555_33,1688288,PLANT03,PORT09,293,1.918838844
1447346632,5/25/2013,PORT04,V444_0,2,DTP,0,0,V5555_33,1688288,PLANT03,PORT09,264,0.852817264
1447207543,5/25/2013,PORT04,V444_0,2,DTP,0,0,V5555_33,1688288,PLANT03,PORT09,267,0.426408632
1447318991,5/25/2013,PORT04,V444_0,2,DTP,0,0,V5555_33,1688288,PLANT03,PORT09,299,0.852817264
1447222993,5/25/2013,PORT04,V444_0,2,DTP,0,0,V5555_33,1688288,PLANT03,PORT09,265,2.558451792
1447147911,5/25/2013,PORT04,V444_0,2,DTP,0,0,V5555_33,1688288,PLANT03,PORT09,313,0.426408632
1447246443,5/25/2013,PORT04,V444_0,2,DTP,0,0,V5555_33,1688288,PLANT03,PORT09,328,0.639612948
1447206414,5/25/2013,PORT04,V444_0,2,DTP,0,0,V5555_33,1688288,PLANT03,PORT09,334,0.852817264
1447274827,5/25/2013,PORT04,V444_0,2,DTP,0,0,V5555_33,1688288,PLANT03,PORT09,333,0.852817264
1447334708,5/25/2013,PORT04,V444_0,2,DTP,0,0,V5555_33,1688288,PLANT03,PORT09,303,1.279225896
1447404683,5/25/2013,PORT04,V444_0,2,DTP,0,0,V5555_33,1688288,PLANT03,PORT09,325,0.213204316
1447351882,5/25/2013,PORT04,V444_0,2,DTP,0,0,V5555_33,1688288,PLANT03,PORT09,324,2.984860424
1447312025,5/25/2013,PORT04,V444_0,2,DTP,0,0,V5555_33,1688288,PLANT03,PORT09,278,0.852817264
1447372976,5/25/2013,PORT04,V444_0,2,DTP,0,0,V5555_33,1688288,PLANT03,PORT09,276,1.705634528
1447321877,5/25/2013,PORT04,V444_0,2,DTP,0,0,V5555_33,1688288,PLANT03,PORT09,284,1.705634528
1447329589,5/25/2013,PORT04,V444_0,2,DTP,0,0,V5555_33,1688288,PLANT03,PORT09,277,0.426408632
1447385489,5/25/2013,PORT04,V444_0,2,DTP,0,0,V5555_33,1688288,PLANT03,PORT09,286,0.213204316
1447221840,5/25/2013,PORT04,V444_0,2,DTP,0,0,V5555_33,1688288,PLANT03,PORT09,387,6.822538113
1447386864,5/25/2013,PORT04,V444_0,2,DTP,0,0,V5555_33,1688288,PLANT03,PORT09,275,1.812236686
1447184385,5/25/2013,PORT04,V444_0,2,DTP,0,0,V5555_33,1688288,PLANT03,PORT09,290,3.411269057
1447394306,5/25/2013,PORT04,V444_0,2,DTP,0,0,V5555_33,1688288,PLANT03,PORT09,294,1.06602158
1447326109,5/25/2013,PORT04,V444_0,2,DTP,0,0,V5555_33,1688288,PLANT03,PORT09,265,0.426408632
1447308359,5/25/2013,PORT04,V444_0,2,DTP,0,0,V5555_33,1688288,PLANT03,PORT09,366,7.675355377
1447292035,5/25/2013,PORT04,V444_0,2,DTP,0,0,V5555_33,1688288,PLANT03,PORT09,269,0.106602158
1447391114,5/25/2013,PORT04,V444_0,2,DTP,0,0,V5555_33,1688288,PLANT03,PORT09,256,0.213204316
1447211460,5/25/2013,PORT04,V444_0,2,DTP,0,0,V5555_33,1688288,PLANT03,PORT09,271,0.213204316
1447225250,5/25/2013,PORT04,V444_0,2,DTP,0,0,V5555_33,1688288,PLANT03,PORT09,308,0.852817264
1447262387,5/25/2013,PORT04,V444_0,2,DTP,0,0,V5555_33,1688288,PLANT03,PORT09,266,0.426408632
1447273265,5/25/2013,PORT04,V444_0,2,DTP,0,0,V5555_33,1688288,PLANT03,PORT09,272,0.213204316
1447145768,5/25/2013,PORT04,V444_0,2,DTP,0,0,V5555_33,1688288,PLANT03,PORT09,273,0.426408632
1447229520,5/25/2013,PORT04,V444_0,2,DTP,0,0,V5555_33,1688288,PLANT03,PORT09,294,0.213204316
1447227192,5/25/2013,PORT04,V444_0,2,DTP,0,0,V5555_33,1688288,PLANT03,PORT09,292,0.213204316
1447184069,5/25/2013,PORT04,V444_0,2,DTP,0,0,V5555_33,1689550,PLANT03,PORT09,241,0.408898261
1447191298,5/25/2013,PORT04,V444_0,2,DTP,0,0,V5555_33,1689550,PLANT03,PORT09,250,0.102224565
1447385491,5/25/2013,PORT04,V444_0,2,DTP,0,0,V5555_33,1689550,PLANT03,PORT09,305,0.204449131
1447221843,5/25/2013,PORT04,V444_0,2,DTP,0,0,V5555_33,1689550,PLANT03,PORT09,338,0.613347392
1447246604,5/25/2013,PORT04,V444_0,2,DTP,0,0,V5555_33,1689550,PLANT03,PORT09,311,0.613347392
1447366022,5/25/2013,PORT04,V444_0,2,DTP,0,0,V5555_33,1689550,PLANT03,PORT09,330,0.511122827
1447355457,5/25/2013,PORT04,V444_0,2,DTP,0,0,V5555_33,1688290,PLANT03,PORT09,339,0.89553361
1447203022,5/25/2013,PORT04,V444_0,2,DTP,0,0,V5555_33,1688290,PLANT03,PORT09,326,0.89553361
1447185902,5/25/2013,PORT04,V444_0,2,DTP,0,0,V5555_33,1688290,PLANT03,PORT09,330,0.398014938
1447151665,5/25/2013,PORT04,V444_0,2,DTP,0,0,V5555_33,1688290,PLANT03,PORT09,281,0.398014938
1447258857,5/25/2013,PORT04,V444_0,2,DTP,0,0,V5555_33,1688290,PLANT03,PORT09,256,1.194044814
1447282075,5/25/2013,PORT04,V444_0,2,DTP,0,0,V5555_33,1688290,PLANT03,PORT09,318,1.99007469
1447250465,5/25/2013,PORT04,V444_0,2,DTP,0,0,V5555_33,1688290,PLANT03,PORT09,298,0.398014938
1447299066,5/25/2013,PORT04,V444_0,2,DTP,0,0,V5555_33,1688290,PLANT03,PORT09,273,0.597022407
1447312016,5/25/2013,PORT04,V444_0,2,DTP,0,0,V5555_33,1688290,PLANT03,PORT09,265,0.199007469
1447304364,5/25/2013,PORT04,V444_0,2,DTP,0,0,V5555_33,1688290,PLANT03,PORT09,312,1.99007469
1447191295,5/25/2013,PORT04,V444_0,2,DTP,0,0,V5555_33,1688290,PLANT03,PORT09,294,1.194044814
1447377053,5/25/2013,PORT04,V444_0,2,DTP,0,0,V5555_33,1688290,PLANT03,PORT09,341,4.577171786
1447284616,5/25/2013,PORT04,V444_0,2,DTP,0,0,V5555_33,1688290,PLANT03,PORT09,316,1.99007469
1447173875,5/25/2013,PORT04,V444_0,2,DTP,0,0,V5555_33,1688290,PLANT03,PORT09,315,0.099503734
1447385486,5/25/2013,PORT04,V444_0,2,DTP,0,0,V5555_33,1688290,PLANT03,PORT09,239,0.398014938
1447222831,5/25/2013,PORT04,V444_0,2,DTP,0,0,V5555_33,1688290,PLANT03,PORT09,299,0.497518672
1447187182,5/25/2013,PORT04,V444_0,2,DTP,0,0,V5555_33,1688290,PLANT03,PORT09,289,1.194044814
1447185908,5/25/2013,PORT04,V444_0,2,DTP,0,0,V5555_33,1688290,PLANT03,PORT09,356,3.582134441
1447384425,5/25/2013,PORT04,V444_0,2,DTP,0,0,V5555_33,1688290,PLANT03,PORT09,332,2.786104566
1447232386,5/25/2013,PORT04,V444_0,2,DTP,0,0,V5555_33,1688290,PLANT03,PORT09,240,0.199007469
1447410493,5/25/2013,PORT04,V444_0,2,DTP,0,0,V5555_33,1688290,PLANT03,PORT09,254,0.199007469
1447206412,5/25/2013,PORT04,V444_0,2,DTP,0,0,V5555_33,1688290,PLANT03,PORT09,341,0.89553361
1447407392,5/25/2013,PORT04,V444_0,2,DTP,0,0,V5555_33,1688290,PLANT03,PORT09,415,11.74144067
1447211459,5/25/2013,PORT04,V444_0,2,DTP,0,0,V5555_33,1688290,PLANT03,PORT09,287,0.995037345
1447407049,5/25/2013,PORT04,V444_0,2,DTP,0,0,V5555_33,1688290,PLANT03,PORT09,240,0.597022407
1447147909,5/25/2013,PORT04,V444_0,2,DTP,0,0,V5555_33,1688290,PLANT03,PORT09,341,4.975186724
1447187884,5/25/2013,PORT04,V444_0,2,DTP,0,0,V5555_33,1688290,PLANT03,PORT09,373,5.373201662
1447300851,5/25/2013,PORT04,V444_0,2,DTP,0,0,V5555_33,1688290,PLANT03,PORT09,258,0.398014938
1447404675,5/25/2013,PORT04,V444_0,2,DTP,0,0,V5555_33,1688290,PLANT03,PORT09,366,5.373201662
1447299179,5/25/2013,PORT04,V444_0,2,DTP,0,0,V5555_33,1688290,PLANT03,PORT09,299,0.199007469
1447246441,5/25/2013,PORT04,V444_0,2,DTP,0,0,V5555_33,1688290,PLANT03,PORT09,239,0.199007469
1447147913,5/25/2013,PORT04,V444_0,2,DTP,0,0,V5555_33,1688290,PLANT03,PORT09,292,0.398014938
1447221839,5/25/2013,PORT04,V444_0,2,DTP,0,0,V5555_33,1688290,PLANT03,PORT09,319,0.89553361
1447386862,5/25/2013,PORT04,V444_0,2,DTP,0,0,V5555_33,1688290,PLANT03,PORT09,274,0.796029876
1447222989,5/25/2013,PORT04,V444_0,2,DTP,0,0,V5555_33,1688290,PLANT03,PORT09,272,0.199007469
1447319050,5/25/2013,PORT04,V444_0,2,DTP,0,0,V5555_33,1688290,PLANT03,PORT09,290,0.597022407
1447319057,5/25/2013,PORT04,V444_0,2,DTP,0,0,V5555_33,1688285,PLANT03,PORT09,296,0.977183058
1447300858,5/25/2013,PORT04,V444_0,2,DTP,0,0,V5555_33,1688285,PLANT03,PORT09,269,0.097718306
1447340936,5/25/2013,PORT04,V444_0,2,DTP,0,0,V5555_33,1688285,PLANT03,PORT09,330,0.195436612
1447244618,5/25/2013,PORT04,V444_0,2,DTP,0,0,V5555_33,1688285,PLANT03,PORT09,282,4.20188715
1447279018,5/25/2013,PORT04,V444_0,2,DTP,0,0,V5555_33,1688285,PLANT03,PORT09,322,0.195436612
1447221848,5/25/2013,PORT04,V444_0,2,DTP,0,0,V5555_33,1688285,PLANT03,PORT09,363,4.397323762
1447163980,5/25/2013,PORT04,V444_0,2,DTP,0,0,V5555_33,1688285,PLANT03,PORT09,343,1.661211199
1447351887,5/25/2013,PORT04,V444_0,2,DTP,0,0,V5555_33,1688285,PLANT03,PORT09,292,0.195436612
1447329592,5/25/2013,PORT04,V444_0,2,DTP,0,0,V5555_33,1688285,PLANT03,PORT09,330,0.977183058
1447355458,5/25/2013,PORT04,V444_0,2,DTP,0,0,V5555_33,1688285,PLANT03,PORT09,398,16.43949232
1447221882,5/25/2013,PORT04,V444_0,2,DTP,0,0,V5555_33,1688285,PLANT03,PORT09,268,0.879464752
1447334706,5/25/2013,PORT04,V444_0,2,DTP,0,0,V5555_33,1688285,PLANT03,PORT09,321,0.390873223
1447225249,5/25/2013,PORT04,V444_0,2,DTP,0,0,V5555_33,1688285,PLANT03,PORT09,313,1.17261967
1447384429,5/25/2013,PORT04,V444_0,2,DTP,0,0,V5555_33,1688285,PLANT03,PORT09,314,2.540675951
1447384424,5/25/2013,PORT04,V444_0,2,DTP,0,0,V5555_33,1688285,PLANT03,PORT09,344,5.472225126
1447250085,5/25/2013,PORT04,V444_0,2,DTP,0,0,V5555_33,1688285,PLANT03,PORT09,235,0.097718306
1447394311,5/25/2013,PORT04,V444_0,2,DTP,0,0,V5555_33,1688285,PLANT03,PORT09,304,6.449408184
1447283824,5/25/2013,PORT04,V444_0,2,DTP,0,0,V5555_33,1688285,PLANT03,PORT09,317,1.17261967
1447258891,5/25/2013,PORT04,V444_0,2,DTP,0,0,V5555_33,1688285,PLANT03,PORT09,315,0.097718306
1447363165,5/25/2013,PORT04,V444_0,2,DTP,0,0,V5555_33,1688285,PLANT03,PORT09,337,1.368056281
1447229525,5/25/2013,PORT04,V444_0,2,DTP,0,0,V5555_33,1688285,PLANT03,PORT09,266,2.149802728
1447308363,5/25/2013,PORT04,V444_0,2,DTP,0,0,V5555_33,1688285,PLANT03,PORT09,284,0.879464752
1447407631,5/25/2013,PORT04,V444_0,2,DTP,0,0,V5555_33,1688285,PLANT03,PORT09,280,1.17261967
1447404687,5/25/2013,PORT04,V444_0,2,DTP,0,0,V5555_33,1688285,PLANT03,PORT09,260,0.390873223
1447312022,5/25/2013,PORT04,V444_0,2,DTP,0,0,V5555_33,1689549,PLANT03,PORT09,274,0.383374176
1447344562,5/25/2013,PORT04,V444_0,2,DTP,0,0,V5555_33,1689549,PLANT03,PORT09,271,0.575061263
1447155227,5/25/2013,PORT04,V444_0,2,DTP,0,0,V5555_33,1689549,PLANT03,PORT09,320,0.191687088
1447147912,5/25/2013,PORT04,V444_0,2,DTP,0,0,V5555_33,1689549,PLANT03,PORT09,296,0.287530632
1447304371,5/25/2013,PORT04,V444_0,2,DTP,0,0,V5555_33,1689549,PLANT03,PORT09,262,0.766748351
1447232391,5/25/2013,PORT04,V444_0,2,DTP,0,0,V5555_33,1689549,PLANT03,PORT09,294,0.095843544
1447243913,5/25/2013,PORT04,V444_0,2,DTP,0,0,V5555_33,1689549,PLANT03,PORT09,241,0.095843544
1447258888,5/25/2013,PORT04,V444_0,2,DTP,0,0,V5555_33,1689549,PLANT03,PORT09,305,0.095843544
1447202689,5/25/2013,PORT04,V444_0,2,DTP,0,0,V5555_33,1689549,PLANT03,PORT09,281,0.383374176
1447344561,5/25/2013,PORT04,V444_0,2,DTP,0,0,V5555_33,1689549,PLANT03,PORT09,342,3.354524037
1447246605,5/25/2013,PORT04,V444_0,2,DTP,0,0,V5555_33,1689549,PLANT03,PORT09,331,0.191687088
1447207540,5/25/2013,PORT04,V444_0,2,DTP,0,0,V5555_33,1689549,PLANT03,PORT09,254,0.383374176
1447366433,5/25/2013,PORT04,V444_0,2,DTP,0,0,V5555_33,1689549,PLANT03,PORT09,271,2.779462773
1447163975,5/25/2013,PORT04,V444_0,2,DTP,0,0,V5555_33,1689549,PLANT03,PORT09,316,0.862591895
1447334709,5/25/2013,PORT04,V444_0,2,DTP,0,0,V5555_33,1689549,PLANT03,PORT09,371,6.709048073
1447360533,5/25/2013,PORT04,V444_0,2,DTP,0,0,V5555_33,1689549,PLANT03,PORT09,299,2.108557966
1447299186,5/25/2013,PORT04,V444_0,2,DTP,0,0,V5555_33,1689549,PLANT03,PORT09,251,0.095843544
1447236400,5/25/2013,PORT04,V444_0,2,DTP,0,0,V5555_33,1689549,PLANT03,PORT09,313,0.095843544
1447194635,5/25/2013,PORT04,V444_0,2,DTP,0,0,V5555_33,1689549,PLANT03,PORT09,282,0.095843544
1447282081,5/25/2013,PORT04,V444_0,2,DTP,0,0,V5555_33,1689549,PLANT03,PORT09,333,0.575061263
1447151669,5/25/2013,PORT04,V444_0,2,DTP,0,0,V5555_33,1689549,PLANT03,PORT09,316,0.095843544
1447407052,5/25/2013,PORT04,V444_0,2,DTP,0,0,V5555_33,1689549,PLANT03,PORT09,355,3.354524037
1447420947,5/25/2013,PORT04,V444_0,2,DTP,0,0,V5555_33,1689549,PLANT03,PORT09,319,0.383374176
1447280069,5/25/2013,PORT04,V444_0,2,DTP,0,0,V5555_33,1689549,PLANT03,PORT09,305,0.575061263
1447334939,5/25/2013,PORT04,V444_0,2,DTP,0,0,V5555_33,1689549,PLANT03,PORT09,310,3.354524037
1447147837,5/25/2013,PORT04,V444_0,2,DTP,0,0,V5555_33,1689549,PLANT03,PORT09,245,0.191687088
1447274829,5/25/2013,PORT04,V444_0,2,DTP,0,0,V5555_33,1689549,PLANT03,PORT09,291,0.287530632
1447206416,5/25/2013,PORT04,V444_0,2,DTP,0,0,V5555_33,1689549,PLANT03,PORT09,289,0.191687088
1447222995,5/25/2013,PORT04,V444_0,2,DTP,0,0,V5555_33,1689549,PLANT03,PORT09,338,0.383374176
1447147914,5/25/2013,PORT04,V444_0,2,DTP,0,0,V5555_33,1689549,PLANT03,PORT09,286,0.958435439
1447342182,5/25/2013,PORT04,V444_0,2,DTP,0,0,V5555_33,1689549,PLANT03,PORT09,262,0.095843544
1447407435,5/25/2013,PORT04,V444_0,2,DTP,0,0,V5555_33,1689549,PLANT03,PORT09,323,7.8591706
1447299188,5/25/2013,PORT04,V444_0,2,DTP,0,0,V5555_33,1688633,PLANT03,PORT09,292,0.556705845
1447377051,5/25/2013,PORT04,V444_0,2,DTP,0,0,V5555_33,1688633,PLANT03,PORT09,283,1.020627382
1447384423,5/25/2013,PORT04,V444_0,2,DTP,0,0,V5555_33,1688633,PLANT03,PORT09,304,0.74227446
1447366023,5/25/2013,PORT04,V444_0,2,DTP,0,0,V5555_33,1688633,PLANT03,PORT09,332,3.154666454
1447182264,5/25/2013,PORT04,V444_0,2,DTP,0,0,V5555_33,1688633,PLANT03,PORT09,245,0.649490152
1447299068,5/25/2013,PORT04,V444_0,2,DTP,0,0,V5555_33,1688633,PLANT03,PORT09,279,0.927843075
1447206417,5/25/2013,PORT04,V444_0,2,DTP,0,0,V5555_33,1688633,PLANT03,PORT09,244,0.37113723
1447394309,5/25/2013,PORT04,V444_0,2,DTP,0,0,V5555_33,1688633,PLANT03,PORT09,322,1.206195997
1447250470,5/25/2013,PORT04,V444_0,2,DTP,0,0,V5555_33,1688633,PLANT03,PORT09,279,0.185568615
1447170841,5/25/2013,PORT04,V444_0,2,DTP,0,0,V5555_33,1688633,PLANT03,PORT09,263,1.670117534
1447163977,5/25/2013,PORT04,V444_0,2,DTP,0,0,V5555_33,1688633,PLANT03,PORT09,318,0.37113723
1447288321,5/25/2013,PORT04,V444_0,2,DTP,0,0,V5555_33,1688633,PLANT03,PORT09,279,0.556705845
1447304372,5/25/2013,PORT04,V444_0,2,DTP,0,0,V5555_33,1688633,PLANT03,PORT09,310,0.185568615
1447385493,5/25/2013,PORT04,V444_0,2,DTP,0,0,V5555_33,1688633,PLANT03,PORT09,320,4.175293836
1447202690,5/25/2013,PORT04,V444_0,2,DTP,0,0,V5555_33,1688633,PLANT03,PORT09,294,0.092784307
1447211488,5/25/2013,PORT04,V444_0,2,DTP,0,0,V5555_33,1688633,PLANT03,PORT09,335,0.185568615
1447191299,5/25/2013,PORT04,V444_0,2,DTP,0,0,V5555_33,1688633,PLANT03,PORT09,258,0.37113723
1447187890,5/25/2013,PORT04,V444_0,2,DTP,0,0,V5555_33,1688633,PLANT03,PORT09,272,0.278352922
1447229521,5/25/2013,PORT04,V444_0,2,DTP,0,0,V5555_33,1688633,PLANT03,PORT09,297,0.092784307
1447262390,5/25/2013,PORT04,V444_0,2,DTP,0,0,V5555_33,1688633,PLANT03,PORT09,302,1.113411689
1447221846,5/25/2013,PORT04,V444_0,2,DTP,0,0,V5555_33,1688633,PLANT03,PORT09,351,1.577333227
1447364452,5/25/2013,PORT04,V444_0,2,DTP,0,0,V5555_33,1688633,PLANT03,PORT09,265,0.185568615
1447145769,5/25/2013,PORT04,V444_0,2,DTP,0,0,V5555_33,1688633,PLANT03,PORT09,259,0.092784307
1447246606,5/25/2013,PORT04,V444_0,2,DTP,0,0,V5555_33,1688633,PLANT03,PORT09,276,0.556705845
1447207541,5/25/2013,PORT04,V444_0,2,DTP,0,0,V5555_33,1688633,PLANT03,PORT09,303,0.092784307
1447232395,5/25/2013,PORT04,V444_0,2,DTP,0,0,V5555_33,1688633,PLANT03,PORT09,273,1.298980304
1447308360,5/25/2013,PORT04,V444_0,2,DTP,0,0,V5555_33,1688633,PLANT03,PORT09,304,0.185568615
1447292069,5/25/2013,PORT04,V444_0,2,DTP,0,0,V5555_33,1688633,PLANT03,PORT09,336,0.37113723
1447203027,5/25/2013,PORT04,V444_0,2,DTP,0,0,V5555_33,1688633,PLANT03,PORT09,245,0.185568615
1447147838,5/25/2013,PORT04,V444_0,2,DTP,0,0,V5555_33,1688633,PLANT03,PORT09,302,0.185568615
1447225279,5/25/2013,PORT04,V444_0,2,DTP,0,0,V5555_33,1688633,PLANT03,PORT09,309,0.092784307
1447386866,5/25/2013,PORT04,V444_0,2,DTP,0,0,V5555_33,1688633,PLANT03,PORT09,240,0.556705845
1447284628,5/25/2013,PORT04,V444_0,2,DTP,0,0,V5555_33,1688633,PLANT03,PORT09,303,0.185568615
1447407053,5/25/2013,PORT04,V444_0,2,DTP,0,0,V5555_33,1688633,PLANT03,PORT09,250,0.463921537
1447322719,5/25/2013,PORT04,V444_0,2,DTP,0,0,V5555_33,1688633,PLANT03,PORT09,293,0.092784307
1447181237,5/25/2013,PORT04,V444_0,2,DTP,0,0,V5555_33,1688633,PLANT03,PORT09,291,0.185568615
1447355455,5/25/2013,PORT04,V444_0,2,DTP,0,0,V5555_33,1688589,PLANT03,PORT09,264,0.182702044
1447250466,5/25/2013,PORT04,V444_0,2,DTP,0,0,V5555_33,1688589,PLANT03,PORT09,292,0.548106132
1447364448,5/25/2013,PORT04,V444_0,2,DTP,0,0,V5555_33,1688589,PLANT03,PORT09,258,0.365404088
1447284617,5/25/2013,PORT04,V444_0,2,DTP,0,0,V5555_33,1688589,PLANT03,PORT09,335,1.096212265
1447407051,5/25/2013,PORT04,V444_0,2,DTP,0,0,V5555_33,1688589,PLANT03,PORT09,319,0.730808177
1447262386,5/25/2013,PORT04,V444_0,2,DTP,0,0,V5555_33,1688589,PLANT03,PORT09,264,0.365404088
1447299062,5/25/2013,PORT04,V444_0,2,DTP,0,0,V5555_33,1688589,PLANT03,PORT09,293,0.182702044
1447288319,5/25/2013,PORT04,V444_0,2,DTP,0,0,V5555_33,1688589,PLANT03,PORT09,325,2.740530662
1447351800,5/25/2013,PORT04,V444_0,2,DTP,0,0,V5555_33,1688589,PLANT03,PORT09,328,0.365404088
1447203023,5/25/2013,PORT04,V444_0,2,DTP,0,0,V5555_33,1688589,PLANT03,PORT09,314,1.096212265
1447273263,5/25/2013,PORT04,V444_0,2,DTP,0,0,V5555_33,1688589,PLANT03,PORT09,326,0.730808177
1447334703,5/25/2013,PORT04,V444_0,2,DTP,0,0,V5555_33,1688589,PLANT03,PORT09,330,0.182702044
1447312020,5/25/2013,PORT04,V444_0,2,DTP,0,0,V5555_33,1688589,PLANT03,PORT09,310,0.182702044
1447202691,5/25/2013,PORT04,V444_0,2,DTP,0,0,V5555_33,1688589,PLANT03,PORT09,273,0.182702044
1447342389,5/25/2013,PORT04,V444_0,2,DTP,0,0,V5555_33,1688589,PLANT03,PORT09,338,0.365404088
1447386863,5/25/2013,PORT04,V444_0,2,DTP,0,0,V5555_33,1688589,PLANT03,PORT09,285,1.827020442
1447319055,5/25/2013,PORT04,V444_0,2,DTP,0,0,V5555_33,1688589,PLANT03,PORT09,245,0.182702044
1447385488,5/25/2013,PORT04,V444_0,2,DTP,0,0,V5555_33,1688589,PLANT03,PORT09,334,0.913510221
1447254367,5/25/2013,PORT04,V444_0,2,DTP,0,0,V5555_33,1688589,PLANT03,PORT09,308,4.019444972
1447377054,5/25/2013,PORT04,V444_0,2,DTP,0,0,V5555_33,1688589,PLANT03,PORT09,347,1.644318397
1447372975,5/25/2013,PORT04,V444_0,2,DTP,0,0,V5555_33,1688589,PLANT03,PORT09,280,1.096212265
1447221837,5/25/2013,PORT04,V444_0,2,DTP,0,0,V5555_33,1688589,PLANT03,PORT09,243,0.365404088
1447280066,5/25/2013,PORT04,V444_0,2,DTP,0,0,V5555_33,1688589,PLANT03,PORT09,275,0.730808177
1447229516,5/25/2013,PORT04,V444_0,2,DTP,0,0,V5555_33,1688589,PLANT03,PORT09,309,0.182702044
1447282077,5/25/2013,PORT04,V444_0,2,DTP,0,0,V5555_33,1688589,PLANT03,PORT09,301,3.471338839
1447394305,5/25/2013,PORT04,V444_0,2,DTP,0,0,V5555_33,1688589,PLANT03,PORT09,317,2.831881685
1447299064,5/25/2013,PORT04,V444_0,2,DTP,0,0,V5555_33,1688587,PLANT03,PORT09,275,1.094491547
1447304367,5/25/2013,PORT04,V444_0,2,DTP,0,0,V5555_33,1688587,PLANT03,PORT09,343,4.560381447
1447151666,5/25/2013,PORT04,V444_0,2,DTP,0,0,V5555_33,1688587,PLANT03,PORT09,429,11.31302991
1447155222,5/25/2013,PORT04,V444_0,2,DTP,0,0,V5555_33,1688587,PLANT03,PORT09,296,2.006567837
1447221838,5/25/2013,PORT04,V444_0,2,DTP,0,0,V5555_33,1688587,PLANT03,PORT09,264,0.091207629
1447299182,5/25/2013,PORT04,V444_0,2,DTP,0,0,V5555_33,1688587,PLANT03,PORT09,244,0.547245774
1447326106,5/25/2013,PORT04,V444_0,2,DTP,0,0,V5555_33,1688587,PLANT03,PORT09,332,6.384534026
1447181236,5/25/2013,PORT04,V444_0,2,DTP,0,0,V5555_33,1688587,PLANT03,PORT09,255,0.182415258
1447288320,5/25/2013,PORT04,V444_0,2,DTP,0,0,V5555_33,1688587,PLANT03,PORT09,274,3.283474642
1447282078,5/25/2013,PORT04,V444_0,2,DTP,0,0,V5555_33,1688587,PLANT03,PORT09,254,0.364830516
1447329588,5/25/2013,PORT04,V444_0,2,DTP,0,0,V5555_33,1688587,PLANT03,PORT09,315,5.837288252
1447163843,5/25/2013,PORT04,V444_0,2,DTP,0,0,V5555_33,1688587,PLANT03,PORT09,281,0.912076289
1447273264,5/25/2013,PORT04,V444_0,2,DTP,0,0,V5555_33,1688587,PLANT03,PORT09,342,0.729661032
1447163973,5/25/2013,PORT04,V444_0,2,DTP,0,0,V5555_33,1688587,PLANT03,PORT09,335,0.364830516
1447372973,5/25/2013,PORT04,V444_0,2,DTP,0,0,V5555_33,1688587,PLANT03,PORT09,521,16.51186476
1447222992,5/25/2013,PORT04,V444_0,2,DTP,0,0,V5555_33,1688587,PLANT03,PORT09,308,4.195550931
1447232384,5/25/2013,PORT04,V444_0,2,DTP,0,0,V5555_33,1688587,PLANT03,PORT09,292,2.55381361
1447407395,5/25/2013,PORT04,V444_0,2,DTP,0,0,V5555_33,1688587,PLANT03,PORT09,268,0.638453403
1447322716,5/25/2013,PORT04,V444_0,2,DTP,0,0,V5555_33,1688587,PLANT03,PORT09,279,1.276906805
1447167254,5/25/2013,PORT04,V444_0,2,DTP,0,0,V5555_33,1688587,PLANT03,PORT09,329,2.371398352
1447320212,5/25/2013,PORT04,V444_0,2,DTP,0,0,V5555_33,1688587,PLANT03,PORT09,254,0.364830516
1447284618,5/25/2013,PORT04,V444_0,2,DTP,0,0,V5555_33,1688587,PLANT03,PORT09,293,1.824152579
1447279013,5/25/2013,PORT04,V444_0,2,DTP,0,0,V5555_33,1688587,PLANT03,PORT09,327,0.182415258
1447243915,5/25/2013,PORT04,V444_0,2,DTP,0,0,V5555_33,1688587,PLANT03,PORT09,306,1.094491547
1447246442,5/25/2013,PORT04,V444_0,2,DTP,0,0,V5555_33,1688587,PLANT03,PORT09,293,5.107627221
1447274826,5/25/2013,PORT04,V444_0,2,DTP,0,0,V5555_33,1688587,PLANT03,PORT09,500,22.88983095
1447225277,5/25/2013,PORT04,V444_0,2,DTP,0,0,V5555_33,1688587,PLANT03,PORT09,254,0.364830516
1447229517,5/25/2013,PORT04,V444_0,2,DTP,0,0,V5555_33,1688587,PLANT03,PORT09,282,1.094491547
1447250467,5/25/2013,PORT04,V444_0,2,DTP,0,0,V5555_33,1688587,PLANT03,PORT09,296,0.364830516
1447173871,5/25/2013,PORT04,V444_0,2,DTP,0,0,V5555_33,1688587,PLANT03,PORT09,294,1.459322063
1447182260,5/25/2013,PORT04,V444_0,2,DTP,0,0,V5555_33,1688587,PLANT03,PORT09,410,7.296610315
1447258859,5/25/2013,PORT04,V444_0,2,DTP,0,0,V5555_33,1688587,PLANT03,PORT09,356,4.013135673
1447312018,5/25/2013,PORT04,V444_0,2,DTP,0,0,V5555_33,1688575,PLANT03,PORT09,256,0.180868186
1447194633,5/25/2013,PORT04,V444_0,2,DTP,0,0,V5555_33,1688575,PLANT03,PORT09,277,0.723472743
1447147910,5/25/2013,PORT04,V444_0,2,DTP,0,0,V5555_33,1688575,PLANT03,PORT09,317,1.989550043
1447206413,5/25/2013,PORT04,V444_0,2,DTP,0,0,V5555_33,1688575,PLANT03,PORT09,328,0.542604557
1447163842,5/25/2013,PORT04,V444_0,2,DTP,0,0,V5555_33,1688575,PLANT03,PORT09,281,2.170418229
1447292033,5/25/2013,PORT04,V444_0,2,DTP,0,0,V5555_33,1688575,PLANT03,PORT09,279,1.446945486
1447384427,5/25/2013,PORT04,V444_0,2,DTP,0,0,V5555_33,1688575,PLANT03,PORT09,318,1.446945486
1447163972,5/25/2013,PORT04,V444_0,2,DTP,0,0,V5555_33,1688575,PLANT03,PORT09,247,0.180868186
1447407050,5/25/2013,PORT04,V444_0,2,DTP,0,0,V5555_33,1688575,PLANT03,PORT09,351,3.617363714
1447187885,5/25/2013,PORT04,V444_0,2,DTP,0,0,V5555_33,1688575,PLANT03,PORT09,264,0.542604557
1447170839,5/25/2013,PORT04,V444_0,2,DTP,0,0,V5555_33,1688575,PLANT03,PORT09,265,0.180868186
1447236401,5/25/2013,PORT04,V444_0,2,DTP,0,0,V5555_33,1688575,PLANT03,PORT09,280,1.2660773
1447389295,5/25/2013,PORT04,V444_0,2,DTP,0,0,V5555_33,1688575,PLANT03,PORT09,256,0.180868186
1447232387,5/25/2013,PORT04,V444_0,2,DTP,0,0,V5555_33,1688575,PLANT03,PORT09,267,1.085209114
1447351799,5/25/2013,PORT04,V444_0,2,DTP,0,0,V5555_33,1688575,PLANT03,PORT09,304,0.090434093
1447319051,5/25/2013,PORT04,V444_0,2,DTP,0,0,V5555_33,1688575,PLANT03,PORT09,325,0.180868186
1447182259,5/25/2013,PORT04,V444_0,2,DTP,0,0,V5555_33,1688575,PLANT03,PORT09,327,0.723472743
1447191296,5/25/2013,PORT04,V444_0,2,DTP,0,0,V5555_33,1688575,PLANT03,PORT09,308,0.723472743
1447202686,5/25/2013,PORT04,V444_0,2,DTP,0,0,V5555_33,1688575,PLANT03,PORT09,319,0.542604557
1447407394,5/25/2013,PORT04,V444_0,2,DTP,0,0,V5555_33,1688575,PLANT03,PORT09,336,0.361736371
1447372974,5/25/2013,PORT04,V444_0,2,DTP,0,0,V5555_33,1688575,PLANT03,PORT09,275,1.989550043
1447207542,5/25/2013,PORT04,V444_0,2,DTP,0,0,V5555_33,1688575,PLANT03,PORT09,291,0.180868186
1447394304,5/25/2013,PORT04,V444_0,2,DTP,0,0,V5555_33,1688575,PLANT03,PORT09,287,0.904340929
1447404682,5/25/2013,PORT04,V444_0,2,DTP,0,0,V5555_33,1688575,PLANT03,PORT09,247,0.180868186
1447364447,5/25/2013,PORT04,V444_0,2,DTP,0,0,V5555_33,1688575,PLANT03,PORT09,275,1.989550043
1447308356,5/25/2013,PORT04,V444_0,2,DTP,0,0,V5555_33,1688575,PLANT03,PORT09,314,1.085209114
1447202849,5/25/2013,PORT04,V444_0,2,DTP,0,0,V5555_33,1688575,PLANT03,PORT09,349,4.702572829
1447377052,5/25/2013,PORT04,V444_0,2,DTP,0,0,V5555_33,1688629,PLANT03,PORT09,288,0.448413277
1447319054,5/25/2013,PORT04,V444_0,2,DTP,0,0,V5555_33,1688629,PLANT03,PORT09,280,0.179365311
1447299069,5/25/2013,PORT04,V444_0,2,DTP,0,0,V5555_33,1688629,PLANT03,PORT09,242,0.717461243
1447203028,5/25/2013,PORT04,V444_0,2,DTP,0,0,V5555_33,1688629,PLANT03,PORT09,337,2.780162316
1447351886,5/25/2013,PORT04,V444_0,2,DTP,0,0,V5555_33,1688629,PLANT03,PORT09,315,0.179365311
1447182265,5/25/2013,PORT04,V444_0,2,DTP,0,0,V5555_33,1688629,PLANT03,PORT09,265,0.358730621
1447280070,5/25/2013,PORT04,V444_0,2,DTP,0,0,V5555_33,1688629,PLANT03,PORT09,242,0.538095932
1447372979,5/25/2013,PORT04,V444_0,2,DTP,0,0,V5555_33,1688629,PLANT03,PORT09,278,1.973018417
1447155224,5/25/2013,PORT04,V444_0,2,DTP,0,0,V5555_33,1688629,PLANT03,PORT09,272,0.358730621
1447194636,5/25/2013,PORT04,V444_0,2,DTP,0,0,V5555_33,1688629,PLANT03,PORT09,298,0.717461243
1447187891,5/25/2013,PORT04,V444_0,2,DTP,0,0,V5555_33,1688629,PLANT03,PORT09,279,0.179365311
1447312024,5/25/2013,PORT04,V444_0,2,DTP,0,0,V5555_33,1688629,PLANT03,PORT09,289,0.717461243
1447394310,5/25/2013,PORT04,V444_0,2,DTP,0,0,V5555_33,1688629,PLANT03,PORT09,271,0.179365311
1447308361,5/25/2013,PORT04,V444_0,2,DTP,0,0,V5555_33,1688629,PLANT03,PORT09,294,0.179365311
1447181238,5/25/2013,PORT04,V444_0,2,DTP,0,0,V5555_33,1688629,PLANT03,PORT09,341,0.717461243
1447163978,5/25/2013,PORT04,V444_0,2,DTP,0,0,V5555_33,1688629,PLANT03,PORT09,275,1.793653107
1447211489,5/25/2013,PORT04,V444_0,2,DTP,0,0,V5555_33,1688629,PLANT03,PORT09,324,0.896826553
1447246607,5/25/2013,PORT04,V444_0,2,DTP,0,0,V5555_33,1688629,PLANT03,PORT09,303,1.165874519
1447385494,5/25/2013,PORT04,V444_0,2,DTP,0,0,V5555_33,1688629,PLANT03,PORT09,368,3.228575592
1447229522,5/25/2013,PORT04,V444_0,2,DTP,0,0,V5555_33,1688629,PLANT03,PORT09,249,0.358730621
1447364453,5/25/2013,PORT04,V444_0,2,DTP,0,0,V5555_33,1688629,PLANT03,PORT09,301,1.255557175
1447151668,5/25/2013,PORT04,V444_0,2,DTP,0,0,V5555_33,1688629,PLANT03,PORT09,316,3.407940903
1447191300,5/25/2013,PORT04,V444_0,2,DTP,0,0,V5555_33,1688629,PLANT03,PORT09,330,0.717461243
1447221847,5/25/2013,PORT04,V444_0,2,DTP,0,0,V5555_33,1688629,PLANT03,PORT09,375,6.815881806
1447184070,5/25/2013,PORT04,V444_0,2,DTP,0,0,V5555_33,1688629,PLANT03,PORT09,332,0.089682655
1447206418,5/25/2013,PORT04,V444_0,2,DTP,0,0,V5555_33,1688629,PLANT03,PORT09,253,1.34523983
1447232396,5/25/2013,PORT04,V444_0,2,DTP,0,0,V5555_33,1688629,PLANT03,PORT09,257,0.179365311
1447292070,5/25/2013,PORT04,V444_0,2,DTP,0,0,V5555_33,1688629,PLANT03,PORT09,259,1.434922485
1447173873,5/25/2013,PORT04,V444_0,2,DTP,0,0,V5555_33,1688629,PLANT03,PORT09,352,2.152383728
1447222997,5/25/2013,PORT04,V444_0,2,DTP,0,0,V5555_33,1688629,PLANT03,PORT09,264,0.448413277
1447320215,5/25/2013,PORT04,V444_0,2,DTP,0,0,V5555_33,1688629,PLANT03,PORT09,340,1.793653107
1447258889,5/25/2013,PORT04,V444_0,2,DTP,0,0,V5555_33,1688629,PLANT03,PORT09,250,0.358730621
1447279017,5/25/2013,PORT04,V444_0,2,DTP,0,0,V5555_33,1688629,PLANT03,PORT09,334,1.076191864
1447284629,5/25/2013,PORT04,V444_0,2,DTP,0,0,V5555_33,1688629,PLANT03,PORT09,302,0.179365311
1447369420,5/25/2013,PORT04,V444_0,2,DTP,0,0,V5555_33,1688629,PLANT03,PORT09,373,3.766671524
1447385487,5/25/2013,PORT04,V444_0,2,DTP,0,0,V5555_33,1688571,PLANT03,PORT09,270,0.704718795
1447312017,5/25/2013,PORT04,V444_0,2,DTP,0,0,V5555_33,1688571,PLANT03,PORT09,270,0.352359397
1447304365,5/25/2013,PORT04,V444_0,2,DTP,0,0,V5555_33,1688571,PLANT03,PORT09,290,0.088089849
1447300853,5/25/2013,PORT04,V444_0,2,DTP,0,0,V5555_33,1688571,PLANT03,PORT09,297,0.528539096
1447377048,5/25/2013,PORT04,V444_0,2,DTP,0,0,V5555_33,1688571,PLANT03,PORT09,287,1.233257891
1447232383,5/25/2013,PORT04,V444_0,2,DTP,0,0,V5555_33,1688571,PLANT03,PORT09,261,0.352359397
1447394303,5/25/2013,PORT04,V444_0,2,DTP,0,0,V5555_33,1688571,PLANT03,PORT09,337,0.528539096
1447308355,5/25/2013,PORT04,V444_0,2,DTP,0,0,V5555_33,1688571,PLANT03,PORT09,275,0.880898494
1447407393,5/25/2013,PORT04,V444_0,2,DTP,0,0,V5555_33,1688571,PLANT03,PORT09,325,1.40943759
1447292032,5/25/2013,PORT04,V444_0,2,DTP,0,0,V5555_33,1688571,PLANT03,PORT09,268,1.40943759
1447351802,5/25/2013,PORT04,V444_0,2,DTP,0,0,V5555_33,1688571,PLANT03,PORT09,254,0.616628945
1447274825,5/25/2013,PORT04,V444_0,2,DTP,0,0,V5555_33,1688571,PLANT03,PORT09,329,0.176179699
1447322797,5/25/2013,PORT04,V444_0,2,DTP,0,0,V5555_33,1688571,PLANT03,PORT09,343,7.223367647
1447384420,5/25/2013,PORT04,V444_0,2,DTP,0,0,V5555_33,1688571,PLANT03,PORT09,279,0.528539096
1447258883,5/25/2013,PORT04,V444_0,2,DTP,0,0,V5555_33,1688571,PLANT03,PORT09,339,0.968988343
1447322798,5/25/2013,PORT04,V444_0,2,DTP,0,0,V5555_33,1688571,PLANT03,PORT09,277,0.528539096
1447236399,5/25/2013,PORT04,V444_0,2,DTP,0,0,V5555_33,1688571,PLANT03,PORT09,312,0.528539096
1447222990,5/25/2013,PORT04,V444_0,2,DTP,0,0,V5555_33,1688571,PLANT03,PORT09,319,0.176179699
1447347900,5/25/2013,PORT04,V444_0,2,DTP,0,0,V5555_33,1688571,PLANT03,PORT09,298,4.05213307
1447288318,5/25/2013,PORT04,V444_0,2,DTP,0,0,V5555_33,1688571,PLANT03,PORT09,285,1.057078192
1447221836,5/25/2013,PORT04,V444_0,2,DTP,0,0,V5555_33,1688571,PLANT03,PORT09,263,0.440449247
1447280065,5/25/2013,PORT04,V444_0,2,DTP,0,0,V5555_33,1688571,PLANT03,PORT09,309,0.176179699
1447372972,5/25/2013,PORT04,V444_0,2,DTP,0,0,V5555_33,1688571,PLANT03,PORT09,260,0.264269548
1447282076,5/25/2013,PORT04,V444_0,2,DTP,0,0,V5555_33,1688571,PLANT03,PORT09,308,1.40943759
1447232385,5/25/2013,PORT04,V444_0,2,DTP,0,0,V5555_33,1688598,PLANT03,PORT09,275,0.402889135
1447377055,5/25/2013,PORT04,V444_0,2,DTP,0,0,V5555_33,1689546,PLANT03,PORT09,270,0.153250883
1447299065,5/25/2013,PORT04,V444_0,2,DTP,0,0,V5555_33,1689546,PLANT03,PORT09,333,0.076625442
1447151667,5/25/2013,PORT04,V444_0,2,DTP,0,0,V5555_33,1689546,PLANT03,PORT09,337,1.302632508
1447244615,5/25/2013,PORT04,V444_0,2,DTP,0,0,V5555_33,1689546,PLANT03,PORT09,246,0.153250883
1447299183,5/25/2013,PORT04,V444_0,2,DTP,0,0,V5555_33,1689546,PLANT03,PORT09,294,0.766254416
1447340933,5/25/2013,PORT04,V444_0,2,DTP,0,0,V5555_33,1689546,PLANT03,PORT09,340,0.536378092
1447155223,5/25/2013,PORT04,V444_0,2,DTP,0,0,V5555_33,1689546,PLANT03,PORT09,244,0.306501767
1447282079,5/25/2013,PORT04,V444_0,2,DTP,0,0,V5555_33,1689546,PLANT03,PORT09,300,0.306501767
1447355456,5/25/2013,PORT04,V444_0,2,DTP,0,0,V5555_33,1689546,PLANT03,PORT09,323,0.383127208
1447319053,5/25/2013,PORT04,V444_0,2,DTP,0,0,V5555_33,1689546,PLANT03,PORT09,267,0.076625442
1447372980,5/25/2013,PORT04,V444_0,2,DTP,0,0,V5555_33,1689546,PLANT03,PORT09,450,9.118427556
1447163974,5/25/2013,PORT04,V444_0,2,DTP,0,0,V5555_33,1689546,PLANT03,PORT09,329,0.689628975
1447304369,5/25/2013,PORT04,V444_0,2,DTP,0,0,V5555_33,1689546,PLANT03,PORT09,242,0.613003533
1447246444,5/25/2013,PORT04,V444_0,2,DTP,0,0,V5555_33,1689546,PLANT03,PORT09,259,0.306501767
1447322717,5/25/2013,PORT04,V444_0,2,DTP,0,0,V5555_33,1689546,PLANT03,PORT09,282,1.072756183
1447292067,5/25/2013,PORT04,V444_0,2,DTP,0,0,V5555_33,1689546,PLANT03,PORT09,298,0.229876325
1447334704,5/25/2013,PORT04,V444_0,2,DTP,0,0,V5555_33,1689546,PLANT03,PORT09,337,0.306501767
1447250468,5/25/2013,PORT04,V444_0,2,DTP,0,0,V5555_33,1689546,PLANT03,PORT09,339,0.613003533
1447312021,5/25/2013,PORT04,V444_0,2,DTP,0,0,V5555_33,1689546,PLANT03,PORT09,248,0.383127208
1447167255,5/25/2013,PORT04,V444_0,2,DTP,0,0,V5555_33,1689546,PLANT03,PORT09,236,0.076625442
1447221844,5/25/2013,PORT04,V444_0,2,DTP,0,0,V5555_33,1689546,PLANT03,PORT09,281,0.306501767
1447279014,5/25/2013,PORT04,V444_0,2,DTP,0,0,V5555_33,1689546,PLANT03,PORT09,306,0.076625442
1447149783,5/25/2013,PORT04,V444_0,2,DTP,0,0,V5555_33,1689546,PLANT03,PORT09,322,1.072756183
1447262388,5/25/2013,PORT04,V444_0,2,DTP,0,0,V5555_33,1689546,PLANT03,PORT09,297,0.306501767
1447232390,5/25/2013,PORT04,V444_0,2,DTP,0,0,V5555_33,1689546,PLANT03,PORT09,323,1.685759716
1447284619,5/25/2013,PORT04,V444_0,2,DTP,0,0,V5555_33,1689546,PLANT03,PORT09,299,0.45975265
1447229518,5/25/2013,PORT04,V444_0,2,DTP,0,0,V5555_33,1689546,PLANT03,PORT09,257,0.306501767
1447187886,5/25/2013,PORT04,V444_0,2,DTP,0,0,V5555_33,1689546,PLANT03,PORT09,313,0.766254416
1447258885,5/25/2013,PORT04,V444_0,2,DTP,0,0,V5555_33,1689546,PLANT03,PORT09,258,0.306501767
1447225278,5/25/2013,PORT04,V444_0,2,DTP,0,0,V5555_33,1689546,PLANT03,PORT09,278,0.766254416
1447280067,5/25/2013,PORT04,V444_0,2,DTP,0,0,V5555_33,1689546,PLANT03,PORT09,263,0.153250883
1447320213,5/25/2013,PORT04,V444_0,2,DTP,0,0,V5555_33,1689546,PLANT03,PORT09,272,0.153250883
1447351881,5/25/2013,PORT04,V444_0,2,DTP,0,0,V5555_33,1689546,PLANT03,PORT09,259,0.536378092
1447300856,5/25/2013,PORT04,V444_0,2,DTP,0,0,V5555_33,1689546,PLANT03,PORT09,295,0.45975265
1447274828,5/25/2013,PORT04,V444_0,2,DTP,0,0,V5555_33,1689546,PLANT03,PORT09,316,0.45975265
1447308358,5/25/2013,PORT04,V444_0,2,DTP,0,0,V5555_33,1689546,PLANT03,PORT09,282,0.306501767
1447202688,5/25/2013,PORT04,V444_0,2,DTP,0,0,V5555_33,1689546,PLANT03,PORT09,294,0.613003533
1447243912,5/25/2013,PORT04,V444_0,2,DTP,0,0,V5555_33,1689546,PLANT03,PORT09,336,0.153250883
1447149935,5/25/2013,PORT04,V444_0,2,DTP,0,0,V5555_33,1689546,PLANT03,PORT09,300,0.383127208
1447211490,5/25/2013,PORT04,V444_0,2,DTP,0,0,V5555_33,1689546,PLANT03,PORT09,275,0.076625442
1447279016,5/25/2013,PORT04,V444_0,2,DTP,0,0,V5555_33,1689548,PLANT03,PORT09,315,0.297919151
1447394308,5/25/2013,PORT04,V444_0,2,DTP,0,0,V5555_33,1689548,PLANT03,PORT09,298,1.861994691
1447163976,5/25/2013,PORT04,V444_0,2,DTP,0,0,V5555_33,1689548,PLANT03,PORT09,304,0.148959575
1447170840,5/25/2013,PORT04,V444_0,2,DTP,0,0,V5555_33,1689548,PLANT03,PORT09,297,0.223439363
1447404685,5/25/2013,PORT04,V444_0,2,DTP,0,0,V5555_33,1689548,PLANT03,PORT09,259,0.372398938
1447232397,5/25/2013,PORT04,V444_0,2,DTP,0,0,V5555_33,1689548,PLANT03,PORT09,254,0.074479788
1447284627,5/25/2013,PORT04,V444_0,2,DTP,0,0,V5555_33,1689548,PLANT03,PORT09,293,0.744797876
1447187889,5/25/2013,PORT04,V444_0,2,DTP,0,0,V5555_33,1689548,PLANT03,PORT09,281,0.148959575
1447404676,5/25/2013,PORT04,V444_0,2,DTP,0,0,V5555_33,1689548,PLANT03,PORT09,319,0.297919151
1447167256,5/25/2013,PORT04,V444_0,2,DTP,0,0,V5555_33,1689548,PLANT03,PORT09,241,0.148959575
1447385492,5/25/2013,PORT04,V444_0,2,DTP,0,0,V5555_33,1689548,PLANT03,PORT09,363,2.383353204
1447340934,5/25/2013,PORT04,V444_0,2,DTP,0,0,V5555_33,1689548,PLANT03,PORT09,272,0.297919151
1447320214,5/25/2013,PORT04,V444_0,2,DTP,0,0,V5555_33,1689548,PLANT03,PORT09,330,1.638555328
1447299187,5/25/2013,PORT04,V444_0,2,DTP,0,0,V5555_33,1689548,PLANT03,PORT09,311,0.223439363
1447173872,5/25/2013,PORT04,V444_0,2,DTP,0,0,V5555_33,1689548,PLANT03,PORT09,303,1.191676602
1447221845,5/25/2013,PORT04,V444_0,2,DTP,0,0,V5555_33,1689548,PLANT03,PORT09,254,1.26615639
1447282082,5/25/2013,PORT04,V444_0,2,DTP,0,0,V5555_33,1689548,PLANT03,PORT09,259,0.148959575
1447413939,5/25/2013,PORT04,V444_0,2,DTP,0,0,V5555_33,1689548,PLANT03,PORT09,360,5.213585134
1447299067,5/25/2013,PORT04,V444_0,2,DTP,0,0,V5555_33,1689548,PLANT03,PORT09,272,0.521358513
1447334705,5/25/2013,PORT04,V444_0,2,DTP,0,0,V5555_33,1689548,PLANT03,PORT09,268,0.372398938
1447347899,5/25/2013,PORT04,V444_0,2,DTP,0,0,V5555_33,1689548,PLANT03,PORT09,310,0.297919151
1447369419,5/25/2013,PORT04,V444_0,2,DTP,0,0,V5555_33,1689548,PLANT03,PORT09,334,2.159913841
1447149391,5/25/2013,PORT04,V444_0,2,DTP,0,0,V5555_33,1689548,PLANT03,PORT09,352,1.56407554
1447203026,5/25/2013,PORT04,V444_0,2,DTP,0,0,V5555_33,1689548,PLANT03,PORT09,336,1.489595753
1447386865,5/25/2013,PORT04,V444_0,2,DTP,0,0,V5555_33,1689548,PLANT03,PORT09,284,0.223439363
1447292068,5/25/2013,PORT04,V444_0,2,DTP,0,0,V5555_33,1689548,PLANT03,PORT09,278,0.595838301
1447364451,5/25/2013,PORT04,V444_0,2,DTP,0,0,V5555_33,1689548,PLANT03,PORT09,305,3.128151081
1447391116,5/25/2013,PORT04,V444_0,2,DTP,0,0,V5555_33,1689548,PLANT03,PORT09,313,0.297919151
1447149383,5/25/2013,PORT04,V444_0,2,DTP,0,0,V5555_33,1689548,PLANT03,PORT09,328,0.074479788
1447149422,5/25/2013,PORT04,V444_0,2,DTP,0,0,V5555_33,1689548,PLANT03,PORT09,268,0.148959575
1447274830,5/25/2013,PORT04,V444_0,2,DTP,0,0,V5555_33,1689548,PLANT03,PORT09,336,0.670318089
1447407629,5/25/2013,PORT04,V444_0,2,DTP,0,0,V5555_33,1689548,PLANT03,PORT09,251,0.893757452
1447322718,5/25/2013,PORT04,V444_0,2,DTP,0,0,V5555_33,1689548,PLANT03,PORT09,240,0.372398938
1447351885,5/25/2013,PORT04,V444_0,2,DTP,0,0,V5555_33,1689548,PLANT03,PORT09,296,0.819277664
1447222996,5/25/2013,PORT04,V444_0,2,DTP,0,0,V5555_33,1689548,PLANT03,PORT09,289,0.148959575
1447418046,5/25/2013,PORT04,V444_0,2,DTP,0,0,V5555_33,1689548,PLANT03,PORT09,279,0.297919151
1447182263,5/25/2013,PORT04,V444_0,2,DTP,0,0,V5555_33,1689548,PLANT03,PORT09,261,0.670318089
1447312023,5/25/2013,PORT04,V444_0,2,DTP,0,0,V5555_33,1689548,PLANT03,PORT09,314,0.074479788
1447384422,5/25/2013,PORT04,V444_0,2,DTP,0,0,V5555_33,1689548,PLANT03,PORT09,295,1.117196814
1447377050,5/25/2013,PORT04,V444_0,2,DTP,0,0,V5555_33,1689548,PLANT03,PORT09,301,2.83023193
1447229524,5/25/2013,PORT04,V444_0,2,DTP,0,0,V5555_33,1689548,PLANT03,PORT09,342,1.042717027
1447194638,5/25/2013,PORT04,V444_0,2,DTP,0,0,V5555_33,1689548,PLANT03,PORT09,263,1.713035116
1447280068,5/25/2013,PORT04,V444_0,2,DTP,0,0,V5555_33,1689547,PLANT03,PORT09,283,0.575890175
1447368078,5/25/2013,PORT04,V444_0,2,DTP,0,0,V5555_33,1689547,PLANT03,PORT09,254,1.007807806
1447384421,5/25/2013,PORT04,V444_0,2,DTP,0,0,V5555_33,1689547,PLANT03,PORT09,314,0.071986272
1447377049,5/25/2013,PORT04,V444_0,2,DTP,0,0,V5555_33,1689547,PLANT03,PORT09,286,0.719862719
1447250469,5/25/2013,PORT04,V444_0,2,DTP,0,0,V5555_33,1689547,PLANT03,PORT09,242,0.431917631
1447232393,5/25/2013,PORT04,V444_0,2,DTP,0,0,V5555_33,1689547,PLANT03,PORT09,287,0.143972544
1447246445,5/25/2013,PORT04,V444_0,2,DTP,0,0,V5555_33,1689547,PLANT03,PORT09,323,1.439725437
1447191297,5/25/2013,PORT04,V444_0,2,DTP,0,0,V5555_33,1689547,PLANT03,PORT09,272,0.719862719
1447258887,5/25/2013,PORT04,V444_0,2,DTP,0,0,V5555_33,1689547,PLANT03,PORT09,323,0.935821534
1447236404,5/25/2013,PORT04,V444_0,2,DTP,0,0,V5555_33,1689547,PLANT03,PORT09,272,0.575890175
1447274831,5/25/2013,PORT04,V444_0,2,DTP,0,0,V5555_33,1689547,PLANT03,PORT09,286,2.087601884
1447229523,5/25/2013,PORT04,V444_0,2,DTP,0,0,V5555_33,1689547,PLANT03,PORT09,367,2.591505787
1447366021,5/25/2013,PORT04,V444_0,2,DTP,0,0,V5555_33,1689547,PLANT03,PORT09,276,0.143972544
1447165543,5/25/2013,PORT04,V444_0,2,DTP,0,0,V5555_33,1689547,PLANT03,PORT09,289,0.791848991
1447408991,5/25/2013,PORT04,V444_0,2,DTP,0,0,V5555_33,1689547,PLANT03,PORT09,269,1.727670525
1447203025,5/25/2013,PORT04,V444_0,2,DTP,0,0,V5555_33,1689547,PLANT03,PORT09,292,0.143972544
1447222994,5/25/2013,PORT04,V444_0,2,DTP,0,0,V5555_33,1689547,PLANT03,PORT09,330,3.671299866
1447340938,5/25/2013,PORT04,V444_0,2,DTP,0,0,V5555_33,1689547,PLANT03,PORT09,321,0.143972544
1447262389,5/25/2013,PORT04,V444_0,2,DTP,0,0,V5555_33,1689547,PLANT03,PORT09,236,0.143972544
1447181240,5/25/2013,PORT04,V444_0,2,DTP,0,0,V5555_33,1689547,PLANT03,PORT09,317,0.359931359
1447408950,5/25/2013,PORT04,V444_0,2,DTP,0,0,V5555_33,1689547,PLANT03,PORT09,319,0.143972544
1447408979,5/25/2013,PORT04,V444_0,2,DTP,0,0,V5555_33,1689547,PLANT03,PORT09,335,0.431917631
1447206415,5/25/2013,PORT04,V444_0,2,DTP,0,0,V5555_33,1689547,PLANT03,PORT09,241,0.287945087
1447351883,5/25/2013,PORT04,V444_0,2,DTP,0,0,V5555_33,1689547,PLANT03,PORT09,289,1.007807806
1447304373,5/25/2013,PORT04,V444_0,2,DTP,0,0,V5555_33,1689547,PLANT03,PORT09,330,1.079794078
1447300857,5/25/2013,PORT04,V444_0,2,DTP,0,0,V5555_33,1689547,PLANT03,PORT09,321,0.503903903
1447299070,5/25/2013,PORT04,V444_0,2,DTP,0,0,V5555_33,1689547,PLANT03,PORT09,332,1.079794078
1447187888,5/25/2013,PORT04,V444_0,2,DTP,0,0,V5555_33,1689547,PLANT03,PORT09,308,0.935821534
1447182262,5/25/2013,PORT04,V444_0,2,DTP,0,0,V5555_33,1689547,PLANT03,PORT09,259,1.007807806
1447284626,5/25/2013,PORT04,V444_0,2,DTP,0,0,V5555_33,1689547,PLANT03,PORT09,256,0.215958816
1447170843,5/25/2013,PORT04,V444_0,2,DTP,0,0,V5555_33,1689547,PLANT03,PORT09,260,0.215958816
1447149769,5/25/2013,PORT04,V444_0,2,DTP,0,0,V5555_33,1689547,PLANT03,PORT09,299,0.143972544
1447385490,5/25/2013,PORT04,V444_0,2,DTP,0,0,V5555_33,1689547,PLANT03,PORT09,267,0.863835262
1447329590,5/25/2013,PORT04,V444_0,2,DTP,0,0,V5555_33,1689547,PLANT03,PORT09,358,4.103217497
1447410494,5/25/2013,PORT04,V444_0,2,DTP,0,0,V5555_33,1689547,PLANT03,PORT09,309,1.439725437
1447156871,5/25/2013,PORT04,V444_0,2,DTP,0,0,V5555_33,1689547,PLANT03,PORT09,254,0.647876447
1447194634,5/25/2013,PORT04,V444_0,2,DTP,0,0,V5555_33,1689547,PLANT03,PORT09,314,0.143972544
1447211487,5/25/2013,PORT04,V444_0,2,DTP,0,0,V5555_33,1689547,PLANT03,PORT09,247,0.143972544
1447363164,5/25/2013,PORT04,V444_0,2,DTP,0,0,V5555_33,1689547,PLANT03,PORT09,295,1.15178035
1447207539,5/25/2013,PORT04,V444_0,2,DTP,0,0,V5555_33,1689547,PLANT03,PORT09,341,1.007807806
1447372978,5/25/2013,PORT04,V444_0,2,DTP,0,0,V5555_33,1689547,PLANT03,PORT09,303,0.215958816
1447243917,5/25/2013,PORT04,V444_0,2,DTP,0,0,V5555_33,1689547,PLANT03,PORT09,240,0.143972544
1447149772,5/25/2013,PORT04,V444_0,2,DTP,0,0,V5555_33,1689547,PLANT03,PORT09,252,1.079794078
1447221842,5/25/2013,PORT04,V444_0,2,DTP,0,0,V5555_33,1689547,PLANT03,PORT09,300,0.647876447
1447299185,5/25/2013,PORT04,V444_0,2,DTP,0,0,V5555_33,1689547,PLANT03,PORT09,249,0.359931359
1447347898,5/25/2013,PORT04,V444_0,2,DTP,0,0,V5555_33,1689547,PLANT03,PORT09,316,0.143972544
1447202692,5/25/2013,PORT04,V444_0,2,DTP,0,0,V5555_33,1689547,PLANT03,PORT09,302,0.719862719
1447364450,5/25/2013,PORT04,V444_0,2,DTP,0,0,V5555_33,1689547,PLANT03,PORT09,315,3.743286137
1447282080,5/25/2013,PORT04,V444_0,2,DTP,0,0,V5555_33,1689547,PLANT03,PORT09,273,0.431917631
1447414113,5/25/2013,PORT04,V444_0,2,DTP,0,0,V5555_33,1689547,PLANT03,PORT09,338,0.287945087
1447244616,5/25/2013,PORT04,V444_0,2,DTP,0,0,V5555_33,1689547,PLANT03,PORT09,308,1.727670525
1447173876,5/25/2013,PORT04,V444_0,2,DTP,0,0,V5555_33,1689547,PLANT03,PORT09,289,0.143972544
1447342391,5/25/2013,PORT04,V444_0,2,DTP,0,0,V5555_33,1689547,PLANT03,PORT09,246,0.143972544
1447384428,5/25/2013,PORT04,V444_0,2,DTP,0,0,V5555_33,1689547,PLANT03,PORT09,254,1.223766622
1447221954,5/25/2013,PORT04,V444_0,2,DTP,0,0,V5555_33,1683635,PLANT03,PORT09,548,6.280511054
1447197308,5/25/2013,PORT04,V444_0,2,DTP,0,0,V5555_33,1697872,PLANT03,PORT09,396,1.514489748
1447321283,5/25/2013,PORT04,V444_0,2,DTP,0,0,V5555_33,1697874,PLANT03,PORT09,339,0.703760431
1447387444,5/25/2013,PORT04,V444_0,2,DTP,0,0,V5555_33,1683424,PLANT03,PORT09,281,0.703153555
1447342392,5/25/2013,PORT04,V444_0,2,DTP,0,0,V5555_33,1683405,PLANT03,PORT09,307,0.163736842
1447181239,5/25/2013,PORT04,V444_0,2,DTP,0,0,V5555_33,1683405,PLANT03,PORT09,245,0.654947368
1447145771,5/25/2013,PORT04,V444_0,2,DTP,0,0,V5555_33,1683405,PLANT03,PORT09,248,0.327473684
1447258890,5/25/2013,PORT04,V444_0,2,DTP,0,0,V5555_33,1683405,PLANT03,PORT09,262,1.146157895
1447326107,5/25/2013,PORT04,V444_0,2,DTP,0,0,V5555_33,1683405,PLANT03,PORT09,274,0.163736842
1447326504,5/25/2013,PORT04,V444_0,2,DTP,0,0,V5555_33,1683403,PLANT03,PORT09,286,1.029321192
1447320216,5/25/2013,PORT04,V444_0,2,DTP,0,0,V5555_33,1683403,PLANT03,PORT09,332,0.771990894
1447326111,5/25/2013,PORT04,V444_0,2,DTP,0,0,V5555_33,1683403,PLANT03,PORT09,254,0.643325745
1447321879,5/25/2013,PORT04,V444_0,2,DTP,0,0,V5555_33,1683403,PLANT03,PORT09,255,0.385995447
1447341039,5/25/2013,PORT04,V444_0,2,DTP,0,0,V5555_33,1683403,PLANT03,PORT09,287,0.257330298
1447340935,5/25/2013,PORT04,V444_0,2,DTP,0,0,V5555_33,1682859,PLANT03,PORT09,309,0.349847949
1447166819,5/25/2013,PORT04,V444_0,2,DTP,0,0,V5555_33,1682859,PLANT03,PORT09,268,0.116615983
1447250084,5/25/2013,PORT04,V444_0,2,DTP,0,0,V5555_33,1682859,PLANT03,PORT09,265,1.166159829
1447244617,5/25/2013,PORT04,V444_0,2,DTP,0,0,V5555_33,1682859,PLANT03,PORT09,329,0.233231966
1447353946,5/25/2013,PORT04,V444_0,2,DTP,0,0,V5555_33,1682859,PLANT03,PORT09,283,0.466463932
1447409778,5/25/2013,PORT04,V444_0,2,DTP,0,0,V5555_33,1683426,PLANT03,PORT09,286,3.274133925
1447325297,5/25/2013,PORT04,V444_0,2,DTP,0,0,V5555_33,1682651,PLANT03,PORT09,299,0.103310985
1447329591,5/25/2013,PORT04,V444_0,2,DTP,0,0,V5555_33,1682772,PLANT03,PORT09,307,0.485086634
1447322720,5/25/2013,PORT04,V444_0,2,DTP,0,0,V5555_33,1682772,PLANT03,PORT09,330,0.776138614
1447364455,5/25/2013,PORT04,V444_0,2,DTP,0,0,V5555_33,1682772,PLANT03,PORT09,329,0.194034653
1447407630,5/25/2013,PORT04,V444_0,2,DTP,0,0,V5555_33,1682772,PLANT03,PORT09,334,2.910519802
1447292071,5/25/2013,PORT04,V444_0,2,DTP,0,0,V5555_33,1682709,PLANT03,PORT09,292,0.096772579
1447274832,5/25/2013,PORT04,V444_0,2,DTP,0,0,V5555_33,1682709,PLANT03,PORT09,264,1.548361257
1447292290,5/25/2013,PORT04,V444_0,2,DTP,0,0,V5555_33,1682709,PLANT03,PORT09,785,40.41861357
1447326503,5/25/2013,PORT04,V444_0,2,DTP,0,0,V5555_33,1682709,PLANT03,PORT09,316,0.774180629
1447302830,5/25/2013,PORT04,V444_0,2,DTP,0,0,V5555_33,1682709,PLANT03,PORT09,265,0.096772579
1447332419,5/25/2013,PORT04,V444_0,2,DTP,0,0,V5555_33,1682709,PLANT03,PORT09,270,0.774180629
1447304374,5/25/2013,PORT04,V444_0,2,DTP,0,0,V5555_33,1682709,PLANT03,PORT09,295,0.096772579
1447351888,5/25/2013,PORT04,V444_0,2,DTP,0,0,V5555_33,1682709,PLANT03,PORT09,313,0.774180629
1447353945,5/25/2013,PORT04,V444_0,2,DTP,0,0,V5555_33,1682709,PLANT03,PORT09,283,3.580585408
1447288931,5/25/2013,PORT04,V444_0,2,DTP,0,0,V5555_33,1682709,PLANT03,PORT09,284,0.774180629
1447326110,5/25/2013,PORT04,V444_0,2,DTP,0,0,V5555_33,1682709,PLANT03,PORT09,341,0.774180629
1447279851,5/25/2013,PORT04,V444_0,2,DTP,0,0,V5555_33,1682709,PLANT03,PORT09,517,19.3222415
1447292291,5/25/2013,PORT04,V444_0,2,DTP,0,0,V5555_33,1682709,PLANT03,PORT09,277,4.0644483
1447310641,5/25/2013,PORT04,V444_0,2,DTP,0,0,V5555_33,1682709,PLANT03,PORT09,311,0.67740805
1447288323,5/25/2013,PORT04,V444_0,2,DTP,0,0,V5555_33,1682709,PLANT03,PORT09,355,4.838628929
1447292292,5/25/2013,PORT04,V444_0,2,DTP,0,0,V5555_33,1682709,PLANT03,PORT09,258,1.548361257
1447360534,5/25/2013,PORT04,V444_0,2,DTP,0,0,V5555_33,1682709,PLANT03,PORT09,303,2.903177357
1447328366,5/25/2013,PORT04,V444_0,2,DTP,0,0,V5555_33,1682709,PLANT03,PORT09,323,0.774180629
1447279009,5/25/2013,PORT04,V444_0,2,DTP,0,0,V5555_33,1682709,PLANT03,PORT09,298,2.516087043
1447310711,5/25/2013,PORT04,V444_0,2,DTP,0,0,V5555_33,1682709,PLANT03,PORT09,340,2.322541886
1447228700,5/25/2013,PORT04,V444_0,2,DTP,0,0,V5555_33,1683409,PLANT03,PORT09,255,0.375297848
1447418239,5/25/2013,PORT04,V444_0,2,DTP,0,0,V5555_33,1683419,PLANT03,PORT09,355,9.274775492
1447377352,5/25/2013,PORT04,V444_0,2,DTP,0,0,V5555_33,1683419,PLANT03,PORT09,334,1.391216324
1447367120,5/25/2013,PORT04,V444_0,2,DTP,0,0,V5555_33,1683419,PLANT03,PORT09,258,0.278243265
1447372982,5/25/2013,PORT04,V444_0,2,DTP,0,0,V5555_33,1683419,PLANT03,PORT09,305,1.576711834
1447145770,5/25/2013,PORT04,V444_0,2,DTP,0,0,V5555_33,1683419,PLANT03,PORT09,245,0.278243265
1447377351,5/25/2013,PORT04,V444_0,2,DTP,0,0,V5555_33,1683419,PLANT03,PORT09,285,3.709910197
1447418240,5/25/2013,PORT04,V444_0,2,DTP,0,0,V5555_33,1683419,PLANT03,PORT09,322,1.854955098
1447410673,5/25/2013,PORT04,V444_0,2,DTP,0,0,V5555_33,1683419,PLANT03,PORT09,255,1.483964079
1447157472,5/25/2013,PORT04,V444_0,2,DTP,0,0,V5555_33,1682769,PLANT03,PORT09,340,6.996071941
1447167433,5/25/2013,PORT04,V444_0,2,DTP,0,0,V5555_33,1682769,PLANT03,PORT09,306,1.288750094
1447408992,5/25/2013,PORT04,V444_0,2,DTP,0,0,V5555_33,1682769,PLANT03,PORT09,293,5.339107534
1447215318,5/25/2013,PORT04,V444_0,2,DTP,0,0,V5555_33,1683392,PLANT03,PORT09,359,7.544879997
1447243693,5/25/2013,PORT04,V444_0,2,DTP,0,0,V5555_33,1683392,PLANT03,PORT09,268,1.437119999
1447243914,5/25/2013,PORT04,V444_0,2,DTP,0,0,V5555_33,1683392,PLANT03,PORT09,333,0.71856
1447284631,5/25/2013,PORT04,V444_0,2,DTP,0,0,V5555_33,1682736,PLANT03,PORT09,303,4.013602941
1447404677,5/25/2013,PORT04,V444_0,2,DTP,0,0,V5555_33,1682736,PLANT03,PORT09,239,0.089191176
1447377056,5/25/2013,PORT04,V444_0,2,DTP,0,0,V5555_33,1682736,PLANT03,PORT09,329,3.300073529
1447299071,5/25/2013,PORT04,V444_0,2,DTP,0,0,V5555_33,1682736,PLANT03,PORT09,306,1.337867647
1447284630,5/25/2013,PORT04,V444_0,2,DTP,0,0,V5555_33,1682648,PLANT03,PORT09,239,0.089027461
1447366364,5/25/2013,PORT04,V444_0,2,DTP,0,0,V5555_33,1682648,PLANT03,PORT09,287,0.178054921
1447372981,5/25/2013,PORT04,V444_0,2,DTP,0,0,V5555_33,1682648,PLANT03,PORT09,244,0.356109843
1447385495,5/25/2013,PORT04,V444_0,2,DTP,0,0,V5555_33,1682648,PLANT03,PORT09,284,0.534164764
1447155225,5/25/2013,PORT04,V444_0,2,DTP,0,0,V5555_33,1682648,PLANT03,PORT09,243,0.178054921
1447355999,5/25/2013,PORT04,V444_0,2,DTP,0,0,V5555_33,1682648,PLANT03,PORT09,298,1.068329528
1447244524,5/25/2013,PORT04,V444_0,2,DTP,0,0,V5555_33,1682805,PLANT03,PORT09,366,6.014048236
1447211491,5/25/2013,PORT04,V444_0,2,DTP,0,0,V5555_33,1682805,PLANT03,PORT09,535,19.67452923
1447170842,5/25/2013,PORT04,V444_0,2,DTP,0,0,V5555_33,1682805,PLANT03,PORT09,302,0.085914975
1447155226,5/25/2013,PORT04,V444_0,2,DTP,0,0,V5555_33,1682805,PLANT03,PORT09,320,1.718299496
1447228701,5/25/2013,PORT04,V444_0,2,DTP,0,0,V5555_33,1682805,PLANT03,PORT09,264,0.601404824
1447187892,5/25/2013,PORT04,V444_0,2,DTP,0,0,V5555_33,1682805,PLANT03,PORT09,281,0.17182995
1447191301,5/25/2013,PORT04,V444_0,2,DTP,0,0,V5555_33,1682805,PLANT03,PORT09,325,0.515489849
1447227193,5/25/2013,PORT04,V444_0,2,DTP,0,0,V5555_33,1682805,PLANT03,PORT09,449,10.73937185
1447147915,5/25/2013,PORT04,V444_0,2,DTP,0,0,V5555_33,1682805,PLANT03,PORT09,295,0.601404824
1447173874,5/25/2013,PORT04,V444_0,2,DTP,0,0,V5555_33,1682805,PLANT03,PORT09,283,0.859149748
1447163979,5/25/2013,PORT04,V444_0,2,DTP,0,0,V5555_33,1682805,PLANT03,PORT09,284,3.694343916
1447206419,5/25/2013,PORT04,V444_0,2,DTP,0,0,V5555_33,1682805,PLANT03,PORT09,256,0.859149748
1447167257,5/25/2013,PORT04,V444_0,2,DTP,0,0,V5555_33,1682805,PLANT03,PORT09,254,0.515489849
1447221860,5/25/2013,PORT04,V444_0,2,DTP,0,0,V5555_33,1682805,PLANT03,PORT09,336,3.780258891
1447182266,5/25/2013,PORT04,V444_0,2,DTP,0,0,V5555_33,1682805,PLANT03,PORT09,286,0.859149748
1447258968,5/25/2013,PORT04,V444_0,2,DTP,0,0,V5555_33,1682757,PLANT03,PORT09,358,7.266636591
1447182267,5/25/2013,PORT04,V444_0,2,DTP,0,0,V5555_33,1682757,PLANT03,PORT09,267,0.835245585
1447225248,5/25/2013,PORT04,V444_0,2,DTP,0,0,V5555_33,1682757,PLANT03,PORT09,266,1.002294702
1447258861,5/25/2013,PORT04,V444_0,2,DTP,0,0,V5555_33,1682757,PLANT03,PORT09,270,1.67049117
1447147916,5/25/2013,PORT04,V444_0,2,DTP,0,0,V5555_33,1682757,PLANT03,PORT09,362,3.257457782
1447173358,5/25/2013,PORT04,V444_0,2,DTP,0,0,V5555_33,1682793,PLANT03,PORT09,293,1.753798606
1447221952,5/25/2013,PORT04,V444_0,2,DTP,0,0,V5555_33,1682793,PLANT03,PORT09,301,0.404722755
1447222998,5/25/2013,PORT04,V444_0,2,DTP,0,0,V5555_33,1682754,PLANT03,PORT09,360,2.601865031
1447203029,5/25/2013,PORT04,V444_0,2,DTP,0,0,V5555_33,1682754,PLANT03,PORT09,308,0.063460123
1447225247,5/25/2013,PORT04,V444_0,2,DTP,0,0,V5555_33,1682754,PLANT03,PORT09,257,1.078822086
1447407451,5/25/2013,PORT04,V444_0,2,DTP,0,0,V5555_33,1682754,PLANT03,PORT09,279,0.063460123
1447258860,5/25/2013,PORT04,V444_0,2,DTP,0,0,V5555_33,1682754,PLANT03,PORT09,305,0.380760736
1447404686,5/25/2013,PORT04,V444_0,2,DTP,0,0,V5555_33,1682754,PLANT03,PORT09,283,0.761521472
1447364454,5/25/2013,PORT04,V444_0,2,DTP,0,0,V5555_33,1682754,PLANT03,PORT09,335,0.126920245
1447246608,5/25/2013,PORT04,V444_0,2,DTP,0,0,V5555_33,1682754,PLANT03,PORT09,242,0.126920245
1447152365,5/25/2013,PORT04,V444_0,2,DTP,0,0,V5555_33,1677891,PLANT03,PORT09,1037,2.493573685
1447213236,5/25/2013,PORT04,V444_0,2,DTP,0,0,V5555_33,1677891,PLANT03,PORT09,2990,8.955699655
1447168872,5/25/2013,PORT04,V444_0,2,DTP,0,0,V5555_33,1677891,PLANT03,PORT09,1697,4.762262741
1447327936,5/25/2013,PORT04,V444_0,2,DTP,0,0,V5555_33,1677891,PLANT03,PORT09,1584,4.252965198
1447327937,5/25/2013,PORT04,V444_0,2,DTP,0,0,V5555_33,1677891,PLANT03,PORT09,3299,9.921380711
1447273034,5/25/2013,PORT04,V444_0,2,DTP,0,0,V5555_33,1677891,PLANT03,PORT09,1939,5.347624203
1447306531,5/25/2013,PORT04,V444_0,2,DTP,0,0,V5555_33,1677891,PLANT03,PORT09,1874,5.245103269
1447306522,5/25/2013,PORT04,V444_0,2,DTP,0,0,V5555_33,1677891,PLANT03,PORT09,1520,3.942095269
1447350246,5/25/2013,PORT04,V444_0,2,DTP,0,0,V5555_33,1677891,PLANT03,PORT09,3143,9.431925929
1447350251,5/25/2013,PORT04,V444_0,2,DTP,0,0,V5555_33,1677891,PLANT03,PORT09,3112,9.22
1447286380,5/25/2013,PORT04,V444_0,2,DTP,0,0,V5555_33,1677891,PLANT03,PORT09,2059,5.48
1447269404,5/25/2013,PORT04,V444_0,2,DTP,0,0,V5555_33,1677891,PLANT03,PORT09,2533,6.46
1447137092,5/25/2013,PORT04,V444_0,2,DTP,0,0,V5555_33,1677891,PLANT03,PORT09,2650,6.9
1447189310,5/25/2013,PORT04,V444_0,2,DTP,0,0,V5555_33,1677891,PLANT03,PORT09,6583,18.4
1447152366,5/25/2013,PORT04,V444_0,2,DTP,0,0,V5555_33,1677891,PLANT03,PORT09,2803,7
1447220740,5/25/2013,PORT04,V444_0,2,DTP,0,0,V5555_33,1672676,PLANT03,PORT09,333,1.914240639
1447346501,5/25/2013,PORT04,V444_0,2,DTP,0,0,V5555_33,1677889,PLANT03,PORT09,362,0.40481137
1447174692,5/25/2013,PORT04,V444_0,2,DTP,0,0,V555555_24,1667817,PLANT03,PORT09,1052,11.79572016
1447195864,5/25/2013,PORT04,V444_0,2,DTP,0,0,V555555_24,1667817,PLANT03,PORT09,1387,18.5
1447162159,5/25/2013,PORT04,V444_0,2,DTP,0,0,V555555_24,1658528,PLANT03,PORT09,250,0.143318435
1447143919,5/25/2013,PORT04,V444_0,2,DTP,0,0,V555555_24,1699424,PLANT03,PORT09,302,0.916342347
1447314127,5/25/2013,PORT04,V444_0,2,DTP,0,0,V555555_24,1699424,PLANT03,PORT09,286,1.832684695
1447260245,5/25/2013,PORT04,V444_0,2,DTP,0,0,V555555_24,1701406,PLANT03,PORT09,319,5.006677427
1447311664,5/25/2013,PORT04,V444_0,2,DTP,0,0,V555555_24,1701406,PLANT03,PORT09,337,0.385129033
1447260246,5/25/2013,PORT04,V444_0,2,DTP,0,0,V555555_24,1701405,PLANT03,PORT09,413,15.03125692
1447206049,5/25/2013,PORT04,V444_0,2,DTP,0,0,V555555_24,1678648,PLANT03,PORT09,421,1.462970094
1447283592,5/25/2013,PORT04,V444_0,2,DTP,0,0,V555555_24,1678648,PLANT03,PORT09,462,2.925940188
1447133055,5/25/2013,PORT04,V444_0,2,DTP,0,0,V555555_24,1678648,PLANT03,PORT09,356,1.462970094
1447389054,5/25/2013,PORT04,V444_0,2,DTP,0,0,V555555_24,1678648,PLANT03,PORT09,388,1.462970094
1447356010,5/25/2013,PORT04,V444_0,2,DTP,0,0,V555555_24,1675615,PLANT03,PORT09,374,0.796083282
1447418569,5/25/2013,PORT04,V444_0,2,DTP,0,0,V555555_24,1675615,PLANT03,PORT09,831,4.511138599
1447292186,5/25/2013,PORT04,V444_0,2,DTP,0,0,V555555_24,1675615,PLANT03,PORT09,1476,9.96
1447281075,5/25/2013,PORT04,V444_0,2,DTP,0,0,V555555_24,1675654,PLANT03,PORT09,266,0.189031032
1447418576,5/25/2013,PORT04,V444_0,2,DTP,0,0,V555555_24,1675655,PLANT03,PORT09,1258,8.96
1447292185,5/25/2013,PORT04,V444_0,2,DTP,0,0,V555555_24,1675655,PLANT03,PORT09,1267,8.82
1447174690,5/25/2013,PORT04,V444_0,2,DTP,0,0,V555555_24,1675655,PLANT03,PORT09,1253,8.78
1447312663,5/25/2013,PORT04,V444_0,2,DTP,0,0,V555555_24,1695346,PLANT03,PORT09,377,0.383191437
1447406924,5/25/2013,PORT04,V444_0,2,DTP,0,0,V555555_24,1695346,PLANT03,PORT09,442,0.766382873
1447401973,5/25/2013,PORT04,V444_0,2,DTP,0,0,V555555_24,1695346,PLANT03,PORT09,369,0.229914862
1447281001,5/25/2013,PORT04,V444_0,2,DTP,0,0,V555555_24,1679638,PLANT03,PORT09,1086,2.874412737
1447367415,5/25/2013,PORT04,V444_0,2,DTP,0,0,V555555_24,1679638,PLANT03,PORT09,1265,3.381662044
1447377769,5/25/2013,PORT04,V444_0,2,DTP,0,0,V555555_24,1679638,PLANT03,PORT09,1119,2.935282654
1447367414,5/25/2013,PORT04,V444_0,2,DTP,0,0,V555555_24,1679638,PLANT03,PORT09,1247,3.381662044
1447377768,5/25/2013,PORT04,V444_0,2,DTP,0,0,V555555_24,1679638,PLANT03,PORT09,1306,3.381662044
1447281073,5/25/2013,PORT04,V444_0,2,DTP,0,0,V555555_24,1679638,PLANT03,PORT09,752,1.690831022
1447141983,5/25/2013,PORT04,V444_0,2,DTP,0,0,V555555_24,1679638,PLANT03,PORT09,3237,7.22
1447174694,5/25/2013,PORT04,V444_0,2,DTP,0,0,V555555_24,1679638,PLANT03,PORT09,2233,4.28
1447292187,5/25/2013,PORT04,V444_0,2,DTP,0,0,V555555_24,1668608,PLANT03,PORT09,803,11.28
1447280991,5/25/2013,PORT04,V444_0,2,DTP,0,0,V555555_24,1651302,PLANT03,PORT09,446,1.32792088
1447377767,5/25/2013,PORT04,V444_0,2,DTP,0,0,V555555_24,1651302,PLANT03,PORT09,649,2.65584176
1447377766,5/25/2013,PORT04,V444_0,2,DTP,0,0,V555555_24,1651302,PLANT03,PORT09,777,3.12
1447356012,5/25/2013,PORT04,V444_0,2,DTP,0,0,V555555_24,1651302,PLANT03,PORT09,830,3.08
1447418577,5/25/2013,PORT04,V444_0,2,DTP,0,0,V555555_24,1651302,PLANT03,PORT09,1450,4.54
1447334922,5/25/2013,PORT04,V444_0,2,DTP,0,0,V555555_24,1651299,PLANT03,PORT09,707,1.338608565
1447239937,5/25/2013,PORT04,V444_0,2,DTP,0,0,V555555_24,1689550,PLANT03,PORT09,261,0.613347392
1447377762,5/25/2013,PORT04,V444_0,2,DTP,0,0,V555555_24,1689550,PLANT03,PORT09,302,1.022245654
1447215354,5/25/2013,PORT04,V444_0,2,DTP,0,0,V555555_24,1689550,PLANT03,PORT09,331,0.817796523
1447401978,5/25/2013,PORT04,V444_0,2,DTP,0,0,V555555_24,1689549,PLANT03,PORT09,254,1.72518379
1447239936,5/25/2013,PORT04,V444_0,2,DTP,0,0,V555555_24,1689549,PLANT03,PORT09,295,1.150122527
1447292189,5/25/2013,PORT04,V444_0,2,DTP,0,0,V555555_24,1688633,PLANT03,PORT09,478,18.11356734
1447215353,5/25/2013,PORT04,V444_0,2,DTP,0,0,V555555_24,1688633,PLANT03,PORT09,328,4.175293836
1447174687,5/25/2013,PORT04,V444_0,2,DTP,0,0,V555555_24,1688633,PLANT03,PORT09,330,4.917568295
1447195865,5/25/2013,PORT04,V444_0,2,DTP,0,0,V555555_24,1688633,PLANT03,PORT09,325,8.072234749
1447401977,5/25/2013,PORT04,V444_0,2,DTP,0,0,V555555_24,1688633,PLANT03,PORT09,555,21.54658671
1447239932,5/25/2013,PORT04,V444_0,2,DTP,0,0,V555555_24,1688633,PLANT03,PORT09,461,14.26815597
1447312664,5/25/2013,PORT04,V444_0,2,DTP,0,0,V555555_24,1689781,PLANT03,PORT09,284,0.366626252
1447239934,5/25/2013,PORT04,V444_0,2,DTP,0,0,V555555_24,1688587,PLANT03,PORT09,259,0.82086866
1447239935,5/25/2013,PORT04,V444_0,2,DTP,0,0,V555555_24,1688629,PLANT03,PORT09,330,3.407940903
1447377763,5/25/2013,PORT04,V444_0,2,DTP,0,0,V555555_24,1688629,PLANT03,PORT09,333,1.973018417
1447418574,5/25/2013,PORT04,V444_0,2,DTP,0,0,V555555_24,1689546,PLANT03,PORT09,815,37.31272082
1447356005,5/25/2013,PORT04,V444_0,2,DTP,0,0,V555555_24,1689546,PLANT03,PORT09,482,11.49381625
1447408601,5/25/2013,PORT04,V444_0,2,DTP,0,0,V555555_24,1689546,PLANT03,PORT09,776,39.31272082
1447174689,5/25/2013,PORT04,V444_0,2,DTP,0,0,V555555_24,1689551,PLANT03,PORT09,327,6.194772396
1447292188,5/25/2013,PORT04,V444_0,2,DTP,0,0,V555555_24,1689551,PLANT03,PORT09,647,27.82399095
1447195867,5/25/2013,PORT04,V444_0,2,DTP,0,0,V555555_24,1689551,PLANT03,PORT09,404,7.4635812
1447215352,5/25/2013,PORT04,V444_0,2,DTP,0,0,V555555_24,1689551,PLANT03,PORT09,261,0.223907436
1447215351,5/25/2013,PORT04,V444_0,2,DTP,0,0,V555555_24,1689548,PLANT03,PORT09,306,2.383353204
1447292180,5/25/2013,PORT04,V444_0,2,DTP,0,0,V555555_24,1689548,PLANT03,PORT09,311,4.915665984
1447239933,5/25/2013,PORT04,V444_0,2,DTP,0,0,V555555_24,1689548,PLANT03,PORT09,330,4.915665984
1447334919,5/25/2013,PORT04,V444_0,2,DTP,0,0,V555555_24,1689548,PLANT03,PORT09,360,6.256302161
1447174688,5/25/2013,PORT04,V444_0,2,DTP,0,0,V555555_24,1689547,PLANT03,PORT09,311,1.15178035
1447195866,5/25/2013,PORT04,V444_0,2,DTP,0,0,V555555_24,1689547,PLANT03,PORT09,1334,67.98627187
1447418573,5/25/2013,PORT04,V444_0,2,DTP,0,0,V555555_24,1689547,PLANT03,PORT09,1235,65.09901319
1447408596,5/25/2013,PORT04,V444_0,2,DTP,0,0,V555555_24,1689547,PLANT03,PORT09,336,3.887258681
1447236709,5/25/2013,PORT04,V444_0,2,DTP,0,0,V555555_24,1689547,PLANT03,PORT09,303,3.887258681
1447236711,5/25/2013,PORT04,V444_0,2,DTP,0,0,V555555_24,1674853,PLANT03,PORT09,322,4.364985163
1447377765,5/25/2013,PORT04,V444_0,2,DTP,0,0,V555555_24,1672722,PLANT03,PORT09,449,16.33123346
1447236710,5/25/2013,PORT04,V444_0,2,DTP,0,0,V555555_24,1672722,PLANT03,PORT09,536,20.06
1447141984,5/25/2013,PORT04,V444_0,2,DTP,0,0,V555555_24,1689145,PLANT03,PORT09,456,0.715383872
1447377770,5/25/2013,PORT04,V444_0,2,DTP,0,0,V555555_24,1689145,PLANT03,PORT09,518,0.715383872
1447356014,5/25/2013,PORT04,V444_0,2,DTP,0,0,V555555_24,1689145,PLANT03,PORT09,808,1.788459681
1447401974,5/25/2013,PORT04,V444_0,2,DTP,0,0,V555555_24,1662552,PLANT03,PORT09,923,2.752057368
1447195861,5/25/2013,PORT04,V444_0,2,DTP,0,0,V555555_24,1662552,PLANT03,PORT09,792,2.29338114
1447281074,5/25/2013,PORT04,V444_0,2,DTP,0,0,V555555_24,1662552,PLANT03,PORT09,793,2.29338114
1447154372,5/25/2013,PORT04,V444_0,2,DTP,0,0,V555555_24,1652615,PLANT03,PORT09,334,1.685929648
1447369857,5/25/2013,PORT04,V444_0,2,DTP,0,0,V555555_24,1687346,PLANT03,PORT09,353,0.417427544
1447239931,5/25/2013,PORT04,V444_0,2,DTP,0,0,V555555_24,1687346,PLANT03,PORT09,248,0.208713772
1447388774,5/25/2013,PORT04,V444_0,2,DTP,0,0,V555555_24,1687346,PLANT03,PORT09,331,1.043568861
1447239930,5/25/2013,PORT04,V444_0,2,DTP,0,0,V555555_24,1687346,PLANT03,PORT09,329,1.252282633
1447154373,5/25/2013,PORT04,V444_0,2,DTP,0,0,V555555_24,1677891,PLANT03,PORT09,421,0.33071269
1447195863,5/25/2013,PORT04,V444_0,2,DTP,0,0,V555555_24,1660563,PLANT03,PORT09,1326,9.24
1447174691,5/25/2013,PORT04,V444_0,2,DTP,0,0,V555555_24,1660563,PLANT03,PORT09,1016,5.62
1447418571,5/25/2013,PORT04,V444_0,2,DTP,0,0,V555555_24,1660885,PLANT03,PORT09,1260,8.825303743
1447338996,5/25/2013,PORT04,V444_0,2,DTP,0,0,V555555_24,1660885,PLANT03,PORT09,783,4.412651871
1447418570,5/25/2013,PORT04,V444_0,2,DTP,0,0,V555555_24,1660885,PLANT03,PORT09,1270,8.825303743
1447406923,5/25/2013,PORT04,V444_0,2,DTP,0,0,V555555_24,1660885,PLANT03,PORT09,612,2.647591123
1447356011,5/25/2013,PORT04,V444_0,2,DTP,0,0,V555555_24,1660885,PLANT03,PORT09,816,4.412651871
1447334920,5/25/2013,PORT04,V444_0,2,DTP,0,0,V555555_24,1660885,PLANT03,PORT09,861,4.64
1447195862,5/25/2013,PORT04,V444_0,2,DTP,0,0,V555555_24,1660897,PLANT03,PORT09,647,3.176796443
1447281076,5/25/2013,PORT04,V444_0,2,DTP,0,0,V555555_24,1660897,PLANT03,PORT09,1274,7.941991109
1447312662,5/25/2013,PORT04,V444_0,2,DTP,0,0,V555555_24,1660897,PLANT03,PORT09,756,3.970995554
1447418572,5/25/2013,PORT04,V444_0,2,DTP,0,0,V555555_24,1660885,PLANT03,PORT09,3243,21.72
1447174693,5/25/2013,PORT04,V444_0,2,DTP,0,0,V555555_24,1660897,PLANT03,PORT09,2350,16.6
1447377760,5/25/2013,PORT04,V444_0,2,DTP,0,0,V555555_24,1660885,PLANT03,PORT09,1051,5.68
1447377761,5/25/2013,PORT04,V444_0,2,DTP,0,0,V555555_24,1660885,PLANT03,PORT09,3261,22.5
1447174701,5/25/2013,PORT04,V444_0,2,DTP,0,0,V555555_24,1660885,PLANT03,PORT09,1028,6.04
1447401975,5/25/2013,PORT04,V444_0,2,DTP,0,0,V555555_24,1677878,PLANT03,PORT09,831,1.859064657
1447334921,5/25/2013,PORT04,V444_0,2,DTP,0,0,V555555_24,1677878,PLANT03,PORT09,1284,3.718129314
1447280999,5/25/2013,PORT04,V444_0,2,DTP,0,0,V555555_24,1677878,PLANT03,PORT09,1122,3.160409917
1447401976,5/25/2013,PORT04,V444_0,2,DTP,0,0,V555555_24,1677878,PLANT03,PORT09,1307,3.718129314
